
CONTENTS: 

    SECTION 1 - CREATE TABLES (DDL)
    SECTION 2 - INSERT DATA (DML)

BACKGROUND:
    -- Minimum Viable Product database for new social media company, IN VITRO INC. targeted towards Canadian Entrepreneurs looking to engage in joint business ventures.
    -- Database similar to that of LinkedIn but with a number of differences is required for testing and development purposes. Synthetic data required to test the database. 

CONSIDERATIONS:
    -- Storage of bilingual/accessibile data labels are not required as data will be translated via a third party service provider.
    -- Entrepreneurs must be aged 18 years or older, have a valid email address, and reside in a Canadian Province or Territory to obtain an account. 
    -- Business or recruiter accounts are not offered.
    -- All work experiences and educations entered/selected must be associated with verified organizations, determined via a third party via a third party service provider.
    -- Passwords are not stored in this database.

*/


/* ------------------------------------------------------------------- */
/* ------- SECTION 1 - CREATE TABLES (DDL) --------------------------- */
/* ------------------------------------------------------------------- */


    /* USER TABLE CONTAINING ACCOUNT, DEMOGRAPHIC, AND PROFILE DATA */
    CREATE TABLE user ( 
        user_id INT AUTO_INCREMENT PRIMARY KEY,
        email VARCHAR(150) NOT NULL CHECK(
            email LIKE '%@%' -- contains '@' symbol
            AND email NOT LIKE '%@%@%' -- contains only one '@' symbol
            AND email NOT LIKE '%[ ]%' -- contains no spaces
            AND SUBSTRING_INDEX(email, '@', -1) LIKE '%.%' -- contains a domain with at least one '.'
            AND LENGTH(email) BETWEEN 5 AND 150 -- between 5 to 150 characters
        ),
        first_name VARCHAR(50) NOT NULL, 
        last_name VARCHAR(50) NOT NULL,
        image_url VARCHAR(255) UNIQUE CHECK(image_url LIKE 'https://invitro.ca/api/user/%'), -- unique filepath for user profile image location, optional field
        description VARCHAR(255), -- optional field
        province ENUM('BC', 'AB', 'SK','MB','ON','QC','NB','NS','NL','PE','YK','NU','NW'), -- column must contain null or one of these selection values, optional field
        sex ENUM('Male', 'Female'), -- column must contain null or one of these selection values, optional field
        dob DATE NOT NULL CHECK( -- optional field
            DATEDIFF(getdate(), date_of_birth) >= 6570 -- at least 18 years of age
            AND DATEDIFF(getdate(), date_of_birth) <= 54750 -- no more than 150 years of age
        ), 
        creation_date TIMESTAMP NOT NULL DEFAULT CURRENT_TIMESTAMP, -- time stamp at point of data collection
        modified_date TIMESTAMP NOT NULL DEFAULT CURRENT_TIMESTAMP ON UPDATE CURRENT_TIMESTAMP CHECK(modified_date >= creation_date), -- last modified date must be greater than or equal to creation date
        deleted BOOLEAN NOT NULL DEFAULT 0 -- deleted flag defaults to 0
    );


    /* CONNECTION TABLE CONTAINING CONNECTION REQUESTS BETWEEN USERS */
    CREATE TABLE connection (
        connection_id INT AUTO_INCREMENT PRIMARY KEY,
        sent_date TIMESTAMP NOT NULL DEFAULT CURRENT_TIMESTAMP, -- time stamp at point of data collection
        connection_date TIMESTAMP NOT NULL DEFAULT CURRENT_TIMESTAMP ON UPDATE CURRENT_TIMESTAMP CHECK(connection_date >= sent_date), -- last modified date must be greater than or equal to creation date
        sender_id INT NOT NULL,
        receiver_id INT NOT NULL, 
        deleted BOOLEAN NOT NULL DEFAULT 0,  -- deleted flag defaults to 0
        FOREIGN KEY(sender_id) REFERENCES user(user_id),
        FOREIGN KEY(receiver_id) REFERENCES user(user_id)
    );


    /* MESSAGE TABLE CONTAINING  DIRECT MESSAGES AND THEIR RESPECTIVE DATA BETWEEN USERS */
    CREATE TABLE message (
        message_id INT AUTO_INCREMENT PRIMARY KEY,
        message TEXT,
        multimedia_url VARCHAR(255) UNIQUE CHECK(multimedia_url LIKE 'https://invitro.ca/api/multimedia/message%'), -- unique filepath for multimedia location
        seen BOOLEAN NOT NULL DEFAULT 0, -- message seen by receiver defaults to 0
        sender_id INT NOT NULL,
        receiver_id INT NOT NULL,
        sent_date TIMESTAMP NOT NULL DEFAULT CURRENT_TIMESTAMP, -- time stamp at point of data collection
        modified_date TIMESTAMP NOT NULL DEFAULT CURRENT_TIMESTAMP ON UPDATE CURRENT_TIMESTAMP CHECK(modified_date >= sent_date), -- last modified date must be greater than or equal to creation date
        sender_deleted BOOLEAN NOT NULL DEFAULT 0,  -- deleted flag defaults to 0
        receiver_deleted BOOLEAN NOT NULL DEFAULT 0, -- deleted flag defaults to 0
        FOREIGN KEY(sender_id) REFERENCES user(user_id),
        FOREIGN KEY(receiver_id) REFERENCES user(user_id),
        CHECK(multimedia_url is not null or message is not null) -- checks that at least a message or multimedia file is stored
    );


    /* POST TABLE CONTAINING ALL POSTS AND THEIR RESPECTIVE DATA */
    CREATE TABLE post (
        post_id INT AUTO_INCREMENT PRIMARY KEY,
        user_id INT NOT NULL,
        post TEXT,
        multimedia_url VARCHAR(255) UNIQUE CHECK(multimedia_url LIKE 'https://invitro.ca/api/multimedia/post%'), -- unique filepath for multimedia location
        location POINT, -- no constraint posed on coordinates as dependendent on acceptance of privacy permissions in social media platform
        post_date TIMESTAMP NOT NULL DEFAULT CURRENT_TIMESTAMP, -- time stamp at point of data collection
        modified_date TIMESTAMP NOT NULL DEFAULT CURRENT_TIMESTAMP ON UPDATE CURRENT_TIMESTAMP CHECK(modified_date >= post_date), -- last modified date must be greater than or equal to creation date
        deleted BOOLEAN NOT NULL DEFAULT 0, -- deleted flag defaults to 0
        FOREIGN KEY (user_id) REFERENCES user(user_id),
        CHECK(post is not null or multimedia_url is not null) -- checks that at least a post or multimedia file is stored
    );


    /* COMMENT TABLE CONTAINING ALL COMMENTS ON POSTS AND OTHER COMMENTS AS WELL AS THEIR RESPECTIVE DATA */
    CREATE TABLE comment (
        comment_id INT AUTO_INCREMENT PRIMARY KEY,
        user_id INT NOT NULL,
        post_id INT NOT NULL,
        parent_comment INT,  -- nullable for comments on posts
        multimedia_url VARCHAR(255) UNIQUE CHECK(multimedia_url LIKE 'https://invitro.ca/api/multimedia/comment%'), -- unique filepath for multimedia location
        comment TEXT,
        seen BOOLEAN NOT NULL DEFAULT 0,  -- comment seen by poster defaults to 0
        location POINT, -- no constraint posed on coordinates as dependendent on acceptance of privacy permissions in social media platform
        comment_date TIMESTAMP NOT NULL DEFAULT CURRENT_TIMESTAMP, -- time stamp at point of data collection
        modified_date TIMESTAMP NOT NULL DEFAULT CURRENT_TIMESTAMP ON UPDATE CURRENT_TIMESTAMP CHECK(modified_date >= comment_date), -- last modified date must be greater than or equal to creation date
        deleted BOOLEAN NOT NULL DEFAULT 0, -- deleted flag defaults to 0
        CHECK(multimedia_url is not null or post is not null), -- checks that at least a comment or multimedia file is entered
        FOREIGN KEY(parent_comment) REFERENCES comment(comment_id), -- references existing comment id inserted in table
        FOREIGN KEY(user_id) REFERENCES user(user_id),
        FOREIGN KEY(post_id) REFERENCES post(post_id),
        CHECK(multimedia_url is not null or comment is not null) -- checks that at least a comment or multimedia file is stored    
    );


    /* REACTION TABLE CONTAINING ALL POST AND COMMENT REACTIONS AND THEIR RESPECTIVE DATA */
    CREATE TABLE reaction (
        reaction_id INT PRIMARY KEY AUTO_INCREMENT,
        user_id INT NOT NULL,
        post_id INT, -- nullable if reaction is for a comment
        comment_id INT, -- nullable if reaction is for a post
        reaction ENUM('like', 'heart', 'wow') NOT NULL, -- column must contain one of these selection values
        image_url VARCHAR(255) CHECK(multimedia_url LIKE 'https://invitro.ca/api/reaction/%'), -- filepath for reaction image location
        reaction_date TIMESTAMP NOT NULL DEFAULT CURRENT_TIMESTAMP, -- time stamp at point of data collection
        modified_date TIMESTAMP NOT NULL DEFAULT CURRENT_TIMESTAMP ON UPDATE CURRENT_TIMESTAMP CHECK(modified_date >= reaction_date), -- last modified date must be greater than or equal to creation date
        deleted BOOLEAN NOT NULL DEFAULT 0, -- deleted flag defaults to 0
        FOREIGN KEY (user_id) REFERENCES user(user_id),
        FOREIGN KEY (post_id) REFERENCES post(post_id),
        CHECK (post_id is not null or comment_id is not null) -- assures reaction is associated with a post or comment
    );  


    /* SKILL TABLE CONTAINING ALL USER SKILL ENTRIES AND THEIR RESPECTIVE DATA */
    CREATE TABLE skill (
        skill_id INT PRIMARY KEY AUTO_INCREMENT,
        user_id INT NOT NULL,
        skill VARCHAR(150) NOT NULL, -- all entries must contain a skill
        creation_date TIMESTAMP NOT NULL DEFAULT CURRENT_TIMESTAMP,  -- time stamp at point of data collection
        modified_date TIMESTAMP NOT NULL DEFAULT CURRENT_TIMESTAMP ON UPDATE CURRENT_TIMESTAMP CHECK(modified_date >= creation_date), -- last modified date must be greater than or equal to creation date
        deleted BOOLEAN NOT NULL DEFAULT 0, -- deleted flag defaults to 0
        FOREIGN KEY (user_id) REFERENCES user(user_id)
    );


    /* ORGANIZATION TABLE CONTAINING UNIQUE SCHOOL AND COMPANY ENTRIES AND THEIR RESPECTIVE DATA */
    CREATE TABLE organization (
        organization_id INT AUTO_INCREMENT PRIMARY KEY,
        type ENUM('school', 'company') NOT NULL,
        name VARCHAR(150) NOT NULL,
        image_url VARCHAR(255) NOT NULL CHECK(image_url LIKE 'https://invitro.ca/api/organization/%'), -- unique filepath for organization logo, auto populated based on verified organization via third party service provider
        phone VARCHAR(30) NOT NULL, -- auto populated based on verified organization via third party service provider
        street_number INT NOT NULL, -- auto populated based on verified organization via third party service provider
        street_name VARCHAR(150) NOT NULL, -- auto populated based on verified organization via third party service provider
        city VARCHAR(150) NOT NULL, -- auto populated based on verified organization via third party service provider
        postal_code VARCHAR(10) NOT NULL, -- auto populated based on verified organization via third party service provider
        province VARCHAR(3) NOT NULL, -- auto populated based on verified organization via third party service provider, stores up to 3 character abbrevation
        country VARCHAR(3) NOT NULL, -- auto populated based on verified organization via third party service provider, stores up to 3 character abbrevation
        creation_date TIMESTAMP NOT NULL DEFAULT CURRENT_TIMESTAMP,  -- time stamp at point of data collection
        modified_date TIMESTAMP NOT NULL DEFAULT CURRENT_TIMESTAMP ON UPDATE CURRENT_TIMESTAMP CHECK(modified_date >= creation_date), -- last modified date must be greater than or equal to creation date
        deleted BOOLEAN NOT NULL DEFAULT 0 -- deleted flag defaults to 0
    );

     
    /* EXPERIENCE TABLE CONTAINING USER WORK EXPERIENCES AND RESPECTIVE DATA */
    CREATE TABLE experience (
        experience_id INT AUTO_INCREMENT PRIMARY KEY,
        user_id INT NOT NULL,
        job_title VARCHAR(150) NOT NULL,
        job_description TEXT,
        organization_id INT NOT NULL,
        start_date DATE NOT NULL CHECK(start_date <= getdate()), -- required field, start date must be entered and no future start dates can be selected
        end_date DATE CHECK(end_date >= start_date), -- nullable to allow work experiences that are currently active
        creation_date TIMESTAMP NOT NULL DEFAULT CURRENT_TIMESTAMP,  -- time stamp at point of data collection
        modified_date TIMESTAMP NOT NULL DEFAULT CURRENT_TIMESTAMP ON UPDATE CURRENT_TIMESTAMP CHECK(modified_date >= reaction_date), -- last modified date must be greater than or equal to creation date
        deleted BOOLEAN NOT NULL DEFAULT 0, -- deleted flag defaults to 0
        FOREIGN KEY (user_id) REFERENCES user(user_id),
        FOREIGN KEY (organization_id) REFERENCES organization(organization_id)
    );


    /* EDUCATION TABLE CONTAINING USER EDUCATION DETAILS AND RESPECTIVE DATA */
    CREATE TABLE education (
        education_id INT AUTO_INCREMENT PRIMARY KEY,
        user_id INT NOT NULL,
        organization_id INT NOT NULL,
        program VARCHAR(150) NOT NULL, -- required field
        description TEXT, -- optional field
        gpa DECIMAL(2,1) CHECK(gpa between 0.0 and 4.0), -- optional field, one digit aloud after decimal point accepting values between 0.0 and 4.0
        start_date DATE NOT NULL CHECK(start_date <= getdate()), -- required field, start date must be entered and no future start dates can be selected
        end_date DATE NOT NULL CHECK(end_date >= start_date), -- required field with date check, allows future dates (expected dates of graduation similar to LinkedIn)
        creation_date TIMESTAMP NOT NULL DEFAULT CURRENT_TIMESTAMP,  -- time stamp at point of data collection
        modified_date TIMESTAMP NOT NULL DEFAULT CURRENT_TIMESTAMP ON UPDATE CURRENT_TIMESTAMP CHECK(modified_date >= reaction_date), -- last modified date must be greater than or equal to creation date
        deleted BOOLEAN NOT NULL DEFAULT 0, -- deleted flag defaults to 0
        FOREIGN KEY (user_id) REFERENCES user(user_id),
        FOREIGN KEY (organization_id) REFERENCES organization(organization_id)
    );
    


/* ------------------------------------------------------------------- */
/* ------- SECTION 2 - INSERT DATA (DML) ----------------------------- */
/* ------------------------------------------------------------------- */


/* IMPORTANT NOTE: SYNTHETIC DATES ARE AUTOMATICALLY CASTED AS DATETIME ASSUMING TIMES OF 00:00:00. */
/* WHILE TIME IS IMPORTANT TO CAPTURE, THE ASSUMED TIMES of 00:00:00 ARE ACCEPTABLE FOR THE PURPOSES OF FULLFILLING */
/* THE PROJECT SCOPE: TO DEVELOP & TEST A DATABASE & IT'S REPORTS, WHICH DO NOT DEPEND ON DIVERSITY IN TIMES */


    /* SYNTHETIC USER DATA GENERATED USING OPEN AI CHATGPT 3.5 AND MICROSOFT EXCEL */
    INSERT INTO user (user_id, email, first_name, last_name, image_url, description, province, sex, dob, creation_date, modified_date, deleted)
    VALUES
    (1,'Emily.Johnson@mailprovider24.com','Emily','Johnson','https://invitro.ca/api/user/1.jpg','Maverick entrepreneur, fascinated by joint venturing and financial partnerships, seeks bold collaborations to pioneer innovative ventures.','ON','Female','1980-01-17','2023-05-12','2023-05-12',0),
    (2,'Liam.Smith@mailprovider3.com','Liam','Smith',null,null,null,null,'1983-08-27','2023-08-03','2023-08-03',0),
    (3,'Ava.Brown@mailprovider31.com','Ava','Brown','https://invitro.ca/api/user/3.jpg','Visionary risk-taker with a penchant for joint venturing and lending capital, fueled by the thrill of building empires from the ground up.','AB','Female','1981-09-23','2023-11-17','2023-11-17',0),
    (4,'Noah.Patel@mailprovider68.com','Noah','Patel','https://invitro.ca/api/user/4.jpg','Strategic thinker and serial entrepreneur, known for weaving intricate joint ventures and financial alliances, driven by a hunger for transformative impact.','QC','Male','1976-10-14','2023-04-23','2023-04-23',0),
    (5,'Olivia.Martin@mailprovider76.com','Olivia','Martin','https://invitro.ca/api/user/5.jpg','Renaissance business soul, equally adept at joint venturing and investment wizardry, seeks fellow adventurers to craft lucrative destinies.','ON','Female','1992-04-05','2023-07-19','2023-07-19',0),
    (6,'William.Tremblay@mailprovider50.com','William','Tremblay','https://invitro.ca/api/user/6.jpg','Entrepreneurial maverick, skilled in the art of joint venturing and financial alchemy, seeks kindred spirits to turn dreams into profitable realities.','QC','Male','1985-02-09','2023-10-28','2023-11-28',1),
    (7,'Emma.Lavoie@mailprovider29.com','Emma','Lavoie',null,null,'ON','Female','1990-03-30','2023-02-14','2023-02-14',0),
    (8,'Oliver.Fortin@mailprovider24.com','Oliver','Fortin','https://invitro.ca/api/user/8.jpg','Bold visionary, fluent in the dialects of joint venturing and lending, seeks collaborative souls to sculpt grand legacies in the sands of time.','BC','Male','1979-12-28','2023-09-08','2023-09-08',0),
    (9,'Sophia.Gagnon@mailprovider19.com','Sophia','Gagnon',null,'Strategic maestro, orchestrating symphonies of joint ventures and investment strategies, fueled by a relentless pursuit of excellence.','AB','Female','1975-04-25','2023-06-04','2023-06-04',0),
    (10,'Benjamin.Roy@mailprovider80.com','Benjamin','Roy','https://invitro.ca/api/user/10.jpg','Trailblazing entrepreneur, navigating the frontiers of joint venturing and financial innovation, seeks fellow pioneers to conquer new horizons.','ON','Male','1991-09-01','2023-12-30','2023-12-30',0),
    (11,'Charlotte.Dubois@mailprovider60.com','Charlotte','Dubois','https://invitro.ca/api/user/11.jpg','Multifaceted business artisan, master of joint venturing and strategic investment, weaving tapestries of success with every handshake.','QC','Female','1984-11-07','2023-07-14','2023-07-14',0),
    (12,'Mason.Côté@mailprovider72.com','Mason','Côté',null,'Bold risk-taker, unafraid to delve into the realms of joint venturing and lending, driven by an insatiable appetite for growth and adventure.','BC','Male','1977-01-10','2023-04-02','2023-04-02',0),
    (13,'Amelia.Morin@mailprovider36.com','Amelia','Morin','https://invitro.ca/api/user/13.jpg',null,'ON','Female','1992-07-16','2023-10-19','2023-10-19',0),
    (14,'Elijah.Leblanc@mailprovider60.com','Elijah','Leblanc','https://invitro.ca/api/user/14.jpg','Entrepreneurial luminary, illuminating the path of joint venturing and financial partnerships, driven by a passion for forging new realities.','NS','Male','1990-08-20','2023-05-28','2023-05-28',0),
    (15,'Harper.Bouchard@mailprovider55.com','Harper','Bouchard','https://invitro.ca/api/user/15.jpg','Strategic innovator, sculpting futures through the art of joint venturing and investment, seeking co-creators to shape destinies.','AB','Female','1977-12-01','2023-02-09','2023-02-09',0),
    (16,'Evelyn.Pelletier@mailprovider34.com','Evelyn','Pelletier','https://invitro.ca/api/user/16.jpg','Visionary trailblazer, carving pathways through the wilderness of joint venturing and lending, on a mission to redefine the landscape of finance.','QC','Female','1986-07-05','2023-09-25','2023-09-25',0),
    (17,'James.Gagné@mailprovider28.com','James','Gagné','https://invitro.ca/api/user/17.jpg','Entrepreneurial alchemist, transmuting dreams into gold through the magic of joint venturing and strategic alliances, seeking fellow wizards to craft wonders.','ON','Male','1978-10-19','2023-06-18','2023-06-18',0),
    (18,'Grace.Ouellet@mailprovider18.com','Grace','Ouellet','https://invitro.ca/api/user/18.jpg','Financial pioneer, charting new territories in joint venturing and entrepreneurship, driven by an unwavering commitment to innovation and growth.','NB','Female','1974-10-27','2023-03-03','2023-03-24',1),
    (19,'Oliver.Gauthier@mailprovider65.com','Oliver','Gauthier','https://invitro.ca/api/user/19.jpg',null,'BC','Male','1992-02-27','2023-12-01','2023-12-01',0),
    (20,'Mia.Lachance@mailprovider60.com','Mia','Lachance','https://invitro.ca/api/user/20.jpg','Maverick entrepreneur, dancing on the cutting edge of joint venturing and financial wizardry, seeking partners to choreograph the next big success story.','QC','Female','1980-08-02','2023-07-05','2023-07-05',0),
    (21,'Liam.Roy@mailprovider23.com','Liam','Roy','https://invitro.ca/api/user/21.jpg','Visionary maestro, orchestrating symphonies of joint ventures and entrepreneurial endeavors, seeking virtuosos to harmonize in the pursuit of greatness.','AB','Male','1991-04-06','2023-04-20','2023-04-20',0),
    (22,'Charlotte.Bergeron@mailprovider29.com','Charlotte','Bergeron',null,'Bold strategist, navigating the currents of joint venturing and financial partnerships, seeking co-captains to sail towards new horizons of prosperity.','MB','Female','1987-07-08','2023-01-13','2023-01-13',0),
    (23,'Noah.Gagnon@mailprovider43.com','Noah','Gagnon','https://invitro.ca/api/user/23.jpg','Entrepreneurial virtuoso, painting masterpieces with the brushstrokes of joint venturing and investment, seeking collaborators to create gallery-worthy successes.','ON','Male','1979-06-09','2023-08-09','2023-08-09',0),
    (24,'Ava.Leclerc@mailprovider28.com','Ava','Leclerc','https://invitro.ca/api/user/24.jpg','Financial luminary, illuminating the path to prosperity through the art of joint venturing and strategic partnerships, seeking fellow visionaries to light the way.','QC','Female','1990-08-29','2023-05-07','2023-05-07',0),
    (25,'Benjamin.Girard@mailprovider48.com','Benjamin','Girard','https://invitro.ca/api/user/25.jpg','Strategic pioneer, blazing trails in the realms of joint venturing and entrepreneurial innovation, seeking kindred spirits to explore uncharted territories.','AB','Male','1979-02-18','2023-01-30','2023-01-30',0),
    (26,'Olivia.Bouchard@mailprovider54.com','Olivia','Bouchard',null,'Maverick visionary, sculpting futures with the chisel of joint venturing and financial ingenuity, seeking partners to carve out legacies of significance.','BC','Female','1992-01-25','2023-10-25','2023-10-25',0),
    (27,'William.Martin@mailprovider32.com','William','Martin','https://invitro.ca/api/user/27.jpg','Entrepreneurial architect, constructing empires from the blueprints of joint venturing and strategic investment, seeking collaborators to raise monuments of success.','QC','Male','1991-06-07','2023-07-20','2023-07-20',0),
    (28,'Sophia.Tremblay@mailprovider12.com','Sophia','Tremblay','https://invitro.ca/api/user/28.jpg','Financial trailblazer, forging paths through the wilderness of joint venturing and entrepreneurship, seeking fellow adventurers to conquer new frontiers.','AB','Female','1974-10-01','2023-04-11','2023-04-11',0),
    (29,'Jackson.Boucher@mailprovider57.com','Jackson','Boucher',null,'Bold innovator, pushing boundaries with the tools of joint venturing and financial acumen, seeking collaborators to engineer revolutions of prosperity.','MB','Male','1985-03-24','2023-03-26','2023-03-26',0),
    (30,'Liam.Gauthier@mailprovider75.com','Liam','Gauthier','https://invitro.ca/api/user/30.jpg','Strategic luminary, casting light on the pathways of joint venturing and entrepreneurial brilliance, seeking co-conspirators to illuminate the road to success.',null,null,'1983-02-14','2023-08-14','2023-08-14',0),
    (31,'Harper.Bergeron@mailprovider78.com','Harper','Bergeron','https://invitro.ca/api/user/31.jpg',null,'QC','Female','1981-09-22','2023-05-05','2023-05-05',0),
    (32,'Ethan.Leclerc@mailprovider54.com','Ethan','Leclerc','https://invitro.ca/api/user/32.jpg','Maverick architect, designing blueprints for prosperity with the tools of joint venturing and financial wizardry, seeking collaborators to build skyscrapers of opportunity.','BC','Male','1983-11-11','2023-01-22','2023-01-23',1),
    (33,'Amelia.Beaulieu@mailprovider48.com','Amelia','Beaulieu','https://invitro.ca/api/user/33.jpg','Entrepreneurial trailblazer, blazing trails in the wilderness of joint venturing and investment, seeking fellow explorers to discover new landscapes of possibility.','AB','Female','1990-09-20','2023-10-03','2023-10-03',0),
    (34,'Logan.Richard@mailprovider11.com','Logan','Richard','https://invitro.ca/api/user/34.jpg','Strategic virtuoso, conducting symphonies of success with the baton of joint venturing and entrepreneurial flair, seeking collaborators to compose melodies of prosperity.','ON','Male','1981-06-26','2023-07-28','2023-07-28',0),
    (35,'Mia.Gagnon@mailprovider39.com','Mia','Gagnon','https://invitro.ca/api/user/35.jpg','Bold visionary, painting portraits of prosperity with the palette of joint venturing and strategic alliances, seeking partners to create galleries of triumph.',null,'Female','1984-10-12','2023-04-15','2023-04-15',0),
    (36,'Noah.Roy@mailprovider37.com','Noah','Roy','https://invitro.ca/api/user/36.jpg','Financial maestro, orchestrating harmonies of prosperity with the instruments of joint venturing and strategic investment, seeking co-conductors to compose symphonies of success.','BC','Male','1978-11-06','2023-11-11','2023-11-11',0),
    (37,'Sophia.Fortin@mailprovider21.com','Sophia','Fortin','https://invitro.ca/api/user/37.jpg','Strategic luminary, illuminating pathways to prosperity through the artistry of joint venturing and entrepreneurial brilliance, seeking collaborators to light the way forward.','AB','Female','1990-11-21','2023-02-01','2023-02-01',0),
    (38,'Elijah.Lefebvre@mailprovider50.com','Elijah','Lefebvre','https://invitro.ca/api/user/38.jpg','Maverick entrepreneur, sculpting monuments of success from the raw material of joint venturing and financial innovation, seeking partners to carve legacies of significance.','MB','Male','1980-07-13','2023-09-16','2023-09-16',0),
    (39,'Ava.Lavoie@mailprovider41.com','Ava','Lavoie','https://invitro.ca/api/user/39.jpg','Visionary architect, building bridges to the future with the blueprints of joint venturing and strategic partnerships, seeking collaborators to construct pathways of opportunity.','ON','Female','1989-02-11','2023-06-09','2023-06-09',0),
    (40,'Oliver.Roy@mailprovider16.com','Oliver','Roy','https://invitro.ca/api/user/40.jpg','Entrepreneurial pioneer, charting courses through uncharted waters of joint venturing and investment, seeking fellow navigators to steer ships of success.','QC','Male','1977-11-14','2023-01-06','2023-01-06',0),
    (41,'Mia.Bergeron@mailprovider56.com','Mia','Bergeron','https://invitro.ca/api/user/41.jpg','Strategic innovator, unlocking doors to prosperity with the keys of joint venturing and financial acumen, seeking collaborators to open new realms of opportunity.','AB','Female','1986-05-28','2023-10-30','2023-10-30',0),
    (42,'Liam.Lefebvre@mailprovider63.com','Liam','Lefebvre','https://invitro.ca/api/user/42.jpg','Bold visionary, carving paths through the wilderness of joint venturing and strategic partnerships, seeking fellow trailblazers to explore frontiers of prosperity.','ON','Male','1990-05-02','2023-07-24','2023-07-24',0),
    (43,'Evelyn.Caron@mailprovider57.com','Evelyn','Caron','https://invitro.ca/api/user/43.jpg','Financial alchemist, transforming dreams into reality with the magic of joint venturing and entrepreneurial ingenuity, seeking collaborators to craft destinies of success.','MB','Female','1993-03-22','2023-04-16','2023-04-16',0),
    (44,'Jackson.Gauthier@mailprovider28.com','Jackson','Gauthier','https://invitro.ca/api/user/44.jpg','Maverick entrepreneur, sculpting destinies with the tools of joint venturing and financial wizardry, seeking partners to shape futures of abundance.',null,'Male','1979-01-21','2023-11-10','2023-12-11',1),
    (45,'Olivia.Roy@mailprovider19.com','Olivia','Roy','https://invitro.ca/api/user/45.jpg','Visionary trailblazer, pioneering new territories in joint venturing and strategic alliances, seeking collaborators to embark on journeys of prosperity.','ON','Female','1990-06-12','2023-08-03','2023-08-03',0),
    (46,'Benjamin.Lachance@mailprovider75.com','Benjamin','Lachance','https://invitro.ca/api/user/46.jpg','Entrepreneurial virtuoso, conducting symphonies of success with the instruments of joint venturing and financial acumen, seeking co-conductors to orchestrate triumph.','AB','Male','1983-01-20','2023-05-26','2023-05-26',0),
    (47,'Emma.Fortin@mailprovider40.com','Emma','Fortin','https://invitro.ca/api/user/47.jpg',null,'QC','Female','1982-06-04','2023-02-20','2023-02-20',0),
    (48,'William.Gagnon@mailprovider60.com','William','Gagnon','https://invitro.ca/api/user/48.jpg','Bold visionary, painting portraits of prosperity with the brushstrokes of joint venturing and strategic partnerships, seeking partners to create masterpieces of success.','ON',null,'1974-12-08','2023-09-14','2023-09-14',0),
    (49,'Harper.Bergeron@mailprovider11.com','Harper','Bergeron','https://invitro.ca/api/user/49.jpg','Financial luminary, illuminating pathways to prosperity through the artistry of joint venturing and investment, seeking collaborators to co-create legacies of abundance.','BC','Female','1976-07-12','2023-06-07','2023-06-07',0),
    (50,'Elijah.Martin@mailprovider19.com','Elijah','Martin','https://invitro.ca/api/user/50.jpg','Strategic maestro, orchestrating symphonies of success with the instruments of joint venturing and financial ingenuity, seeking co-conductors to compose sonatas of triumph.','MB','Male','1979-10-29','2023-01-02','2023-01-02',0);

    /* SYNTHETIC CONNECTION DATA GENERATED USING OPEN AI CHATGPT 3.5 AND MICROSOFT EXCEL */
    INSERT INTO connection (connection_id, sent_date, connection_date, sender_id, receiver_id, deleted)
    VALUES
    (1,'2023-11-19','2023-12-24',46,39,0),
    (2,'2023-08-23','2023-09-27',7,33,0),
    (3,'2023-09-17','2023-09-19',22,47,0),
    (4,'2023-07-01','2023-08-24',38,50,0),
    (5,'2023-11-14','2023-12-23',21,2,0),
    (6,'2023-03-17','2023-04-21',50,35,0),
    (7,'2023-07-05','2023-08-11',35,4,0),
    (8,'2023-12-04','2023-12-14',1,10,0),
    (9,'2023-01-19','2023-02-26',44,39,0),
    (10,'2023-09-26','2023-09-29',3,13,0),
    (11,'2023-10-30','2023-12-01',6,47,0),
    (12,'2023-04-20','2023-05-27',39,46,0),
    (13,'2023-07-07','2023-07-23',4,8,0),
    (14,'2023-11-06','2023-12-17',39,8,0),
    (15,'2023-03-28','2023-03-29',26,26,0),
    (16,'2023-05-11','2023-05-27',30,47,0),
    (17,'2023-04-18','2023-05-29',30,43,0),
    (18,'2023-04-12','2023-05-19',27,35,0),
    (19,'2023-08-17',null,2,20,0),
    (20,'2023-09-07','2023-09-23',17,49,0),
    (21,'2023-01-22',null,31,5,0),
    (22,'2023-03-18','2023-04-29',45,32,0),
    (23,'2023-05-28','2023-05-30',5,40,0),
    (24,'2023-04-27','2023-05-27',20,44,0),
    (25,'2023-03-14','2023-03-30',18,48,0),
    (26,'2023-07-18','2023-08-26',37,25,0),
    (27,'2023-06-21','2023-07-30',24,24,0),
    (28,'2023-08-23','2023-09-27',19,18,0),
    (29,'2023-01-17','2023-02-22',34,16,0),
    (30,'2023-02-24','2023-02-26',31,7,0),
    (31,'2023-05-28','2023-05-31',10,28,0),
    (32,'2023-05-09','2023-06-15',17,11,0),
    (33,'2023-11-24','2023-12-31',38,25,0),
    (34,'2023-08-19','2023-08-27',33,10,0),
    (35,'2023-02-22','2023-02-25',49,26,0),
    (36,'2023-10-08','2023-11-11',6,30,0),
    (37,'2023-05-28','2023-06-30',34,18,0),
    (38,'2023-05-01','2023-05-11',3,28,0),
    (39,'2023-11-25','2023-11-28',49,30,0),
    (40,'2023-04-19','2023-04-19',5,5,0),
    (41,'2023-08-19','2023-09-21',28,38,0),
    (42,'2023-08-07','2023-09-11',19,36,0),
    (43,'2023-08-08','2023-08-25',42,31,0),
    (44,'2023-03-21','2023-03-29',30,33,0),
    (45,'2023-04-05','2023-04-12',38,31,0),
    (46,'2023-03-24',null,27,43,0),
    (47,'2023-07-07','2023-07-20',45,49,0),
    (48,'2023-10-17',null,35,42,0),
    (49,'2023-11-10','2023-11-25',23,5,0),
    (50,'2023-09-05','2023-09-06',27,48,0),
    (51,'2023-11-28','2023-12-31',27,28,0),
    (52,'2023-10-30','2023-10-31',3,40,0),
    (53,'2023-07-04','2023-08-27',33,42,0),
    (54,'2023-06-06',null,4,22,0),
    (55,'2023-01-15','2023-01-19',28,29,0),
    (56,'2023-03-20','2023-04-27',32,11,0),
    (57,'2023-12-18','2023-12-29',15,26,0),
    (58,'2023-06-28','2023-07-29',41,1,0),
    (59,'2023-01-20','2023-02-22',44,44,0),
    (60,'2023-05-20','2023-06-20',7,34,0),
    (61,'2023-10-16','2023-10-24',37,41,0),
    (62,'2023-05-31','2023-05-31',14,45,0),
    (63,'2023-08-07',null,17,21,0),
    (64,'2023-06-06',null,49,2,0),
    (65,'2023-02-10','2023-03-27',33,17,0),
    (66,'2023-03-18','2023-04-29',12,38,0),
    (67,'2023-04-21','2023-05-24',22,30,0),
    (68,'2023-10-18','2023-10-25',27,33,0),
    (69,'2023-08-10','2023-09-13',42,3,0),
    (70,'2023-08-05','2023-09-06',36,38,0),
    (71,'2023-12-10','2023-12-13',13,16,0),
    (72,'2023-03-08','2023-04-29',15,31,0),
    (73,'2023-01-09','2023-03-01',42,21,0),
    (74,'2023-09-12','2023-09-28',1,33,0),
    (75,'2023-05-13','2023-06-20',29,15,0),
    (76,'2023-11-22','2023-12-29',8,30,0),
    (77,'2023-06-07','2023-06-13',47,45,0),
    (78,'2023-04-17','2023-05-25',13,35,0),
    (79,'2023-07-03','2023-08-30',5,14,0),
    (80,'2023-12-15','2023-12-29',7,46,0),
    (81,'2023-05-23','2023-06-25',17,20,0),
    (82,'2023-09-12','2023-09-22',13,2,0),
    (83,'2023-07-19','2023-07-20',46,46,0),
    (84,'2023-07-27','2023-07-29',8,36,0),
    (85,'2023-01-30',null,46,14,0),
    (86,'2023-12-01','2023-12-30',33,30,0),
    (87,'2023-09-05','2023-10-07',9,30,0),
    (88,'2023-04-10','2023-04-30',16,44,0),
    (89,'2023-05-01','2023-05-13',1,4,0),
    (90,'2023-10-31','2023-10-31',12,45,0),
    (91,'2023-06-15','2023-07-27',24,20,0),
    (92,'2023-01-12','2023-02-28',40,6,0),
    (93,'2023-10-01','2023-10-22',31,10,0),
    (94,'2023-04-04','2023-04-25',10,20,0),
    (95,'2023-01-17','2023-01-29',26,15,0),
    (96,'2023-11-19','2023-11-24',41,21,0),
    (97,'2023-07-11','2023-08-13',24,25,0),
    (98,'2023-07-15','2023-07-22',19,46,0),
    (99,'2023-02-14','2023-03-22',1,36,0),
    (100,'2023-07-04','2023-07-20',33,18,0),
    (101,'2023-03-03','2023-04-03',10,46,0),
    (102,'2023-09-15',null,20,22,0),
    (103,'2023-06-24','2023-06-30',25,28,0),
    (104,'2023-04-25','2023-04-25',4,17,0),
    (105,'2023-11-06','2023-12-17',4,35,0),
    (106,'2023-12-05','2023-12-16',3,21,0),
    (107,'2023-06-21','2023-06-29',3,32,0),
    (108,'2023-09-26','2023-10-31',38,45,0),
    (109,'2023-09-27','2023-10-30',6,13,0),
    (110,'2023-10-27','2023-11-29',4,23,0),
    (111,'2023-11-05','2023-12-24',7,1,0),
    (112,'2023-06-18','2023-07-27',40,18,0),
    (113,'2023-01-30','2023-01-31',11,20,0),
    (114,'2023-04-03','2023-05-07',46,18,0),
    (115,'2023-06-06','2023-07-06',10,18,0),
    (116,'2023-10-06','2023-11-23',41,28,0),
    (117,'2023-12-31','2023-12-31',32,23,0),
    (118,'2023-03-02','2023-03-14',36,46,0),
    (119,'2023-09-22','2023-10-25',49,39,0),
    (120,'2023-11-14','2023-12-25',22,50,0),
    (121,'2023-09-09','2023-10-15',48,37,0),
    (122,'2023-06-20','2023-06-29',31,28,0),
    (123,'2023-02-06','2023-03-29',1,44,0),
    (124,'2023-12-07','2023-12-07',8,35,0),
    (125,'2023-08-08','2023-09-22',33,7,0),
    (126,'2023-10-26','2023-11-27',16,10,0),
    (127,'2023-06-25','2023-07-27',28,30,0),
    (128,'2023-03-22',null,31,45,0),
    (129,'2023-02-26','2023-03-31',40,23,0),
    (130,'2023-03-16','2023-03-18',15,7,0),
    (131,'2023-09-09','2023-09-12',45,39,0),
    (132,'2023-01-19','2023-01-19',5,9,0),
    (133,'2023-09-27','2023-09-30',24,5,0),
    (134,'2023-05-29',null,36,42,0),
    (135,'2023-04-26','2023-04-27',4,44,0),
    (136,'2023-12-04','2023-12-18',14,38,0),
    (137,'2023-03-12','2023-03-29',20,18,0),
    (138,'2023-04-25','2023-05-25',3,38,0),
    (139,'2023-08-26','2023-10-01',3,37,1),
    (140,'2023-12-27','2023-12-29',1,19,0),
    (141,'2023-02-14','2023-03-18',27,46,0),
    (142,'2023-08-27','2023-09-29',31,49,0),
    (143,'2023-02-07','2023-03-02',25,50,0),
    (144,'2023-01-28','2023-01-29',22,40,0),
    (145,'2023-06-16','2023-06-26',15,46,0),
    (146,'2023-03-30','2023-03-31',47,15,0),
    (147,'2023-01-01','2023-01-23',6,19,0),
    (148,'2023-07-03','2023-07-14',4,28,0),
    (149,'2023-01-05','2023-02-17',45,38,0),
    (150,'2023-01-26','2023-01-30',3,14,0),
    (151,'2023-05-13','2023-07-01',10,13,0),
    (152,'2023-05-19','2023-06-22',21,18,0),
    (153,'2023-09-16','2023-09-30',42,11,0),
    (154,'2023-01-16','2023-01-23',20,7,0),
    (155,'2023-12-16','2023-12-24',23,37,0),
    (156,'2023-08-18','2023-08-19',45,21,0),
    (157,'2023-02-04','2023-03-19',40,21,0),
    (158,'2023-05-14','2023-06-20',25,4,0),
    (159,'2023-05-09','2023-05-18',4,19,0),
    (160,'2023-05-30','2023-05-30',11,24,0),
    (161,'2023-12-19','2023-12-26',21,30,0),
    (162,'2023-05-01','2023-06-29',15,45,0),
    (163,'2023-02-26','2023-03-31',24,33,0),
    (164,'2023-07-01','2023-07-10',28,37,0),
    (165,'2023-05-19','2023-05-25',23,1,0),
    (166,'2023-06-30','2023-07-01',30,42,0),
    (167,'2023-09-05','2023-10-09',10,45,0),
    (168,'2023-04-05','2023-05-14',47,19,0),
    (169,'2023-06-03','2023-07-18',48,17,0),
    (170,'2023-01-17','2023-02-21',25,17,0),
    (171,'2023-03-04','2023-04-06',11,25,0),
    (172,'2023-10-28','2023-12-01',39,32,0),
    (173,'2023-10-17','2023-11-29',5,25,0),
    (174,'2023-03-20','2023-03-26',7,48,0),
    (175,'2023-05-29','2023-05-29',34,37,0),
    (176,'2023-10-08','2023-11-28',14,48,0),
    (177,'2023-11-02','2023-12-09',31,14,0),
    (178,'2023-03-19',null,48,32,0),
    (179,'2023-11-24','2023-11-29',13,8,0),
    (180,'2023-02-13',null,12,4,0),
    (181,'2023-09-23','2023-09-29',17,31,0),
    (182,'2023-03-03','2023-03-30',5,19,0),
    (183,'2023-02-12','2023-03-17',14,20,0),
    (184,'2023-10-29','2023-11-29',48,40,0),
    (185,'2023-11-19','2023-11-20',47,24,0),
    (186,'2023-02-20','2023-03-22',1,47,0),
    (187,'2023-03-09','2023-03-24',4,1,0),
    (188,'2023-05-21','2023-05-30',15,38,0),
    (189,'2023-08-18','2023-08-22',15,50,0),
    (190,'2023-12-22','2023-12-25',10,49,0),
    (191,'2023-06-02','2023-07-26',47,46,0),
    (192,'2023-04-09','2023-04-10',36,7,0),
    (193,'2023-10-13','2023-11-29',43,4,0),
    (194,'2023-08-04','2023-08-21',46,5,0),
    (195,'2023-12-03','2023-12-23',32,49,0),
    (196,'2023-06-26','2023-07-26',48,48,0),
    (197,'2023-07-19','2023-07-21',46,31,0),
    (198,'2023-08-29','2023-08-29',7,24,0),
    (199,'2023-10-26','2023-11-27',47,8,0),
    (200,'2023-06-02','2023-06-09',32,15,0);


    /* SYNTHETIC MESSAGE DATA GENERATED USING OPEN AI CHATGPT 3.5 AND MICROSOFT EXCEL */
    INSERT INTO message (message_id, sent_date, modified_date, seen, sender_id, receiver_id, message, multimedia_url, sender_deleted, receiver_deleted)
    VALUES
    (1,'2023-12-22','2023-12-22',1,13,4,'Hey, I''ve been thinking about our joint venture startup idea. Want to brainstorm some pitches?','https://invitro.ca/api/multimedia/message1.jpg',0,1),
    (2,'2023-12-24','2023-12-29',0,7,17,'Absolutely! I''ve got a few ideas brewing. Let''s hear yours first.',null,1,0),
    (3,'2023-09-14','2023-09-20',0,11,15,'How about a tech-based solution for streamlining supply chain management?','https://invitro.ca/api/multimedia/message3.jpg',1,0),
    (4,'2023-11-07','2023-12-23',1,38,35,'Interesting! What about a sustainable agriculture venture using vertical farming techniques?',null,1,1),
    (5,'2023-11-29','2023-12-01',1,17,36,'I like that! We could also explore creating a platform for connecting freelance professionals with businesses.',null,0,0),
    (6,'2023-11-27','2023-12-29',1,43,44,'Great idea! Let''s flesh out the details on that one.',null,0,0),
    (7,'2023-11-21','2023-11-21',0,36,4,'Definitely. How about we incorporate blockchain technology for secure transactions?',null,0,0),
    (8,'2023-12-12','2023-12-15',0,21,12,'That could add a unique selling point. We should research more on its feasibility.','https://invitro.ca/api/multimedia/message8.jpg',0,1),
    (9,'2023-10-19','2023-10-19',0,22,7,'Agreed. Let''s set up a meeting to discuss further.',null,0,1),
    (10,'2023-08-09','2023-08-16',0,35,29,'Sounds good. How''s next Monday for you?',null,1,0),
    (11,'2023-12-16','2023-12-21',0,36,28,null,'https://invitro.ca/api/multimedia/message11.jpg',0,1),
    (12,'2023-10-31','2023-12-01',0,16,30,'Done. Looking forward to it!','https://invitro.ca/api/multimedia/message12.jpg',0,0),
    (13,'2023-08-21','2023-08-27',0,17,37,'Me too. Have a great day!',null,1,0),
    (14,'2023-07-21','2023-08-28',1,49,31,'You too!',null,0,0),
    (15,'2023-12-09','2023-12-09',1,41,3,'Hey, just wanted to follow up on our meeting next Monday. Are we still on?',null,1,0),
    (16,'2023-10-01','2023-10-30',1,14,20,'Absolutely! I''ve been doing some research on our ideas.',null,0,1),
    (17,'2023-11-14','2023-12-22',1,48,33,'Same here. I think we''re onto something big.',null,1,0),
    (18,'2023-11-12','2023-11-12',1,12,24,null,'https://invitro.ca/api/multimedia/message18.jpg',0,0),
    (19,'2023-12-10','2023-12-21',0,36,27,'Sounds like a plan. I''ll see you Monday.',null,0,1),
    (20,'2023-12-31','2023-12-31',1,10,22,'Looking forward to it. Have a great weekend!',null,0,1),
    (21,'2023-12-30','2023-12-31',1,40,10,'You too!','https://invitro.ca/api/multimedia/message21.jpg',1,0),
    (22,'2023-11-28','2023-12-31',1,34,9,'Hey, hope you had a good weekend. Ready for our meeting?','https://invitro.ca/api/multimedia/message22.jpg',1,0),
    (23,'2023-12-16','2023-12-17',1,28,33,'Hey, yeah! I''m excited to dive into our pitches.','https://invitro.ca/api/multimedia/message23.jpg',0,1),
    (24,'2023-12-13','2023-12-13',1,31,16,'Me too. Let''s start with the freelance platform idea.',null,1,1),
    (25,'2023-11-04','2023-11-04',1,37,4,'Sure. I think we should focus on user experience and simplicity.',null,0,0),
    (26,'2023-11-29','2023-11-29',1,2,24,'Definitely. We want it to be accessible to both businesses and freelancers.',null,1,0),
    (27,'2023-10-31','2023-12-01',1,14,16,'Agreed. We''ll need a solid marketing strategy too.',null,0,1),
    (28,'2023-09-17','2023-10-17',1,31,18,'Right. Social media could be key in reaching our target audience.',null,0,1),
    (29,'2023-09-25','2023-09-29',1,30,1,'I''ve got some contacts in digital marketing we could leverage.',null,1,0),
    (30,'2023-12-16','2023-12-21',1,17,2,'Perfect. Let''s make a note to reach out to them.','https://invitro.ca/api/multimedia/message30.jpg',1,1),
    (31,'2023-12-08','2023-12-11',1,44,33,'Will do. Now, onto the supply chain management idea.',null,1,1),
    (32,'2023-12-16','2023-12-22',1,31,13,'Yes, I think emphasizing cost savings and efficiency will be crucial.',null,0,0),
    (33,'2023-12-17','2023-12-28',1,49,3,'Absolutely. Do you think potential clients would be interested in a pilot program?',null,1,0),
    (34,'2023-08-29','2023-08-29',0,46,22,'It''s worth exploring. We could offer it as a trial period to gain trust.',null,1,0),
    (35,'2023-08-07','2023-08-18',1,31,46,'Good point. Let''s draft up a proposal for that.',null,1,1),
    (36,'2023-12-31','2023-12-31',0,37,3,'Agreed. I''ll start working on it this week.',null,1,0),
    (37,'2023-12-12','2023-12-14',1,32,13,'Fantastic. We''re making progress!',null,1,1),
    (38,'2023-12-17','2023-12-17',0,28,26,'Definitely. It feels great to see our ideas taking shape.',null,0,1),
    (39,'2023-07-31','2023-07-31',1,24,25,'Hey, just wanted to check in on our progress. How''s the proposal coming along?','https://invitro.ca/api/multimedia/message39.jpg',0,0),
    (40,'2023-09-13','2023-09-23',0,30,7,'Hey! It''s going well. I''ve drafted the outline and started filling in the details.',null,0,0),
    (41,'2023-09-24','2023-09-24',1,45,23,'Awesome. Let''s schedule a time to review it together.',null,0,1),
    (42,'2023-12-10','2023-12-23',1,8,36,'Sounds good. How about Wednesday afternoon?',null,1,0),
    (43,'2023-10-16','2023-10-27',1,23,29,'Works for me. Let''s aim for around 3 PM.',null,1,1),
    (44,'2023-05-03','2023-05-09',1,43,12,'Perfect. I''ll send you the draft beforehand.',null,0,0),
    (45,'2023-10-22','2023-10-25',0,7,16,'Great. Looking forward to it!','https://invitro.ca/api/multimedia/message45.jpg',0,0),
    (46,'2023-11-29','2023-12-30',1,33,49,'Hey, just wanted to give you a heads up that I''ll be a bit late to our meeting today.',null,1,1),
    (47,'2023-06-10','2023-07-29',0,25,47,'No problem! Take your time. I''ll be here.',null,0,1),
    (48,'2023-09-04','2023-10-19',1,11,28,'Thanks for understanding. Shouldn''t be more than 15 minutes.',null,1,0),
    (49,'2023-11-29','2023-12-29',0,20,43,'Take your time. See you soon!',null,0,1),
    (50,'2023-09-19','2023-10-27',0,42,18,null,'https://invitro.ca/api/multimedia/message50.jpg',1,1),
    (51,'2023-12-31','2023-12-31',1,34,10,'No worries! Let''s get started.',null,1,1),
    (52,'2023-06-03','2023-06-12',0,43,14,'So, I''ve outlined the objectives and methodology. What do you think?',null,0,1),
    (53,'2023-12-02','2023-12-17',0,49,34,'Looks good so far. I think we should add some case studies for credibility.','https://invitro.ca/api/multimedia/message53.jpg',1,0),
    (54,'2023-12-10','2023-12-19',0,45,2,'Agreed. I''ll research some relevant examples to include.',null,1,0),
    (55,'2023-09-19','2023-09-29',0,48,42,'Perfect. I''ll review what you have so far and make some edits.',null,1,1),
    (56,'2023-11-16','2023-12-26',1,16,7,'Sounds like a plan. Thanks for taking the lead on this.',null,1,0),
    (57,'2023-11-24','2023-11-24',1,31,34,'Of course! Teamwork makes the dream work, right?',null,0,1),
    (58,'2023-12-30','2023-12-30',1,47,10,'Absolutely. Together, we can make this venture a success.',null,1,1),
    (59,'2023-12-18','2023-12-25',1,11,50,'Hey, just wanted to touch base on the marketing strategy for our freelance platform.',null,0,0),
    (60,'2023-09-28','2023-09-28',1,30,7,'Hey! I''ve been doing some brainstorming on that. Want to hear my ideas?',null,1,0),
    (61,'2023-02-17','2023-02-17',0,40,25,'Definitely. Shoot!',null,1,1),
    (62,'2023-10-29','2023-12-01',0,26,8,'So, I think we should focus on targeted ads on LinkedIn and Facebook.',null,0,0),
    (63,'2023-12-31','2023-12-31',0,10,50,'Good idea. We want to reach professionals actively seeking freelance work.',null,0,1),
    (64,'2023-12-01','2023-12-01',0,13,2,'Exactly. Plus, we can leverage SEO to drive organic traffic to our site.',null,0,1),
    (65,'2023-10-14','2023-11-23',1,42,48,'Agreed. Content marketing could also help establish us as thought leaders in the industry.',null,0,1),
    (66,'2023-11-16','2023-12-20',1,1,44,'I like where your head''s at. Let''s divide tasks and get started.',null,1,1),
    (67,'2023-10-06','2023-11-18',1,45,23,'Sounds like a plan. I''ll take on the social media aspect.',null,0,0),
    (68,'2023-10-18','2023-11-28',0,35,12,'And I''ll work on optimizing our website for search engines.',null,0,0),
    (69,'2023-12-23','2023-12-30',1,4,17,'Perfect. Let''s touch base midway through the week to track progress.',null,0,1),
    (70,'2023-09-24','2023-10-24',0,27,34,'Definitely. We''ve got this!',null,1,0),
    (71,'2023-12-21','2023-12-23',0,36,9,'Hey, just wanted to give you an update on the social media marketing.',null,1,1),
    (72,'2023-12-01','2023-12-10',0,3,41,'Hey! How''s it going?',null,0,1),
    (73,'2023-10-11','2023-11-25',1,9,27,'It''s going well. Our ad campaign on LinkedIn is generating some traction.',null,1,1),
    (74,'2023-05-07','2023-05-07',0,28,25,'That''s great to hear. Have you noticed any patterns in engagement?',null,0,1),
    (75,'2023-12-10','2023-12-20',0,30,19,'Yes, it seems like professionals in the tech and creative industries are responding the most.',null,1,0),
    (76,'2023-11-27','2023-12-29',0,5,26,'Interesting. Let''s tailor our content to better resonate with that audience.',null,0,1),
    (77,'2023-08-15','2023-09-19',1,31,45,'Agreed. I''ll adjust our messaging accordingly.',null,0,1),
    (78,'2023-09-25','2023-10-30',0,27,8,'Thanks for staying on top of this. You''re doing a great job!',null,0,1),
    (79,'2023-12-27','2023-12-30',0,18,49,'It''s my pleasure. I''m excited to see our efforts pay off.','https://invitro.ca/api/multimedia/message79.jpg',1,1),
    (80,'2023-12-21','2023-12-22',0,36,41,'Hey, just wanted to check in on our progress with the proposal. How''s it going?',null,0,1),
    (81,'2023-09-12','2023-09-29',1,25,22,'Hey! It''s coming along nicely. I''ve added the case studies per your suggestion.',null,0,1),
    (82,'2023-07-18','2023-08-21',0,31,50,'Fantastic. Let''s review it together soon.',null,1,1),
    (83,'2023-11-23','2023-12-01',1,27,5,'Definitely. How''s tomorrow afternoon for you?','https://invitro.ca/api/multimedia/message83.jpg',0,1),
    (84,'2023-12-07','2023-12-12',0,36,43,'Sounds good. Let''s aim for around 2 PM.',null,1,1),
    (85,'2023-12-24','2023-12-27',0,32,8,'Perfect. I''ll send you the updated version beforehand.',null,1,1),
    (86,'2023-12-26','2023-12-27',0,47,33,'Great. Looking forward to it!','https://invitro.ca/api/multimedia/message86.jpg',0,1),
    (87,'2023-12-22','2023-12-29',0,46,18,'Hey, just wanted to let you know I reviewed the proposal. It looks solid!',null,0,0),
    (88,'2023-11-27','2023-11-28',0,6,23,'Hey! Thanks for taking the time to go through it.',null,1,1),
    (89,'2023-12-13','2023-12-28',0,41,20,'Of course! I made a few minor tweaks for clarity, but overall, it''s impressive.',null,0,1),
    (90,'2023-12-18','2023-12-27',0,25,3,'I''m glad you think so. I think it''s ready to present to potential clients.',null,0,0),
    (91,'2023-12-30','2023-12-30',1,31,36,'Agreed. Let''s schedule some meetings for next week.',null,0,1),
    (92,'2023-09-07','2023-10-31',1,7,18,'I''ll reach out to my network and see who might be interested.','https://invitro.ca/api/multimedia/message92.jpg',1,1),
    (93,'2023-12-30','2023-12-30',0,41,21,'Perfect. And I''ll start drafting up some email pitches.',null,1,1),
    (94,'2023-12-10','2023-12-24',0,41,2,'Sounds like a plan. We make a great team!',null,1,1),
    (95,'2023-12-15','2023-12-28',1,20,30,'Absolutely. Together, we can conquer anything.',null,1,1),
    (96,'2023-09-14','2023-09-23',0,40,8,'Hey, just wanted to check in on our progress with scheduling client meetings.',null,1,1),
    (97,'2023-10-17','2023-11-26',0,40,2,'Hey! I''ve got a few potential leads lined up for next week.',null,0,1),
    (98,'2023-10-20','2023-10-23',1,37,2,'That''s great news! Do you think any of them are particularly promising?','https://invitro.ca/api/multimedia/message98.jpg',1,0),
    (99,'2023-12-31','2023-12-31',0,10,46,'Yes, I''ve got a meeting with a tech startup that''s interested in our supply chain solution.',null,0,1),
    (100,'2023-12-20','2023-12-30',1,27,7,'Excellent. Let''s prepare a killer pitch to win them over.',null,0,0),
    (101,'2023-12-31','2023-12-31',1,26,10,null,'https://invitro.ca/api/multimedia/message101.jpg',0,0),
    (102,'2023-11-14','2023-12-01',1,22,16,'And I''ll gather some data to support our claims.',null,0,0),
    (103,'2023-11-07','2023-11-07',0,50,30,'Perfect. Let''s aim to wow them with our expertise.',null,0,1),
    (104,'2023-10-08','2023-11-09',0,7,27,'Absolutely. They won''t know what hit them!',null,1,0),
    (105,'2023-10-15','2023-11-26',1,35,43,'Hey, just wanted to give you a heads up that I reached out to our contact at the tech startup. They''re interested in meeting next Thursday.',null,1,1),
    (106,'2023-08-03','2023-09-12',0,47,31,'That''s fantastic news! Thanks for taking the initiative.',null,0,0),
    (107,'2023-12-30','2023-12-30',1,10,42,'Of course! I''ll keep you posted on any updates.',null,0,1),
    (108,'2023-12-30','2023-12-30',1,47,10,'Sounds good. Let''s make sure we''re well-prepared for the meeting.',null,0,1),
    (109,'2023-10-18','2023-10-31',0,15,34,'Definitely. I''ll finalize the presentation and send it over to you for review.','https://invitro.ca/api/multimedia/message109.jpg',1,1),
    (110,'2023-11-12','2023-12-23',1,13,1,'Perfect. We''ve got this!',null,1,0),
    (111,'2023-10-31','2023-10-31',1,5,42,'Hey, just wanted to touch base on our meeting preparations. How''s the presentation coming along?',null,1,1),
    (112,'2023-12-07','2023-12-25',1,16,13,'Hey! It''s almost finished. Just adding some final touches.',null,0,1),
    (113,'2023-11-27','2023-12-31',1,50,3,'Great. I''ve gathered some case studies to illustrate our points.',null,0,1),
    (114,'2023-12-13','2023-12-16',1,44,35,'Perfect. Let''s sync up tomorrow to run through everything.',null,0,1),
    (115,'2023-08-09','2023-09-25',1,39,5,'Sounds like a plan. How about around lunchtime?',null,1,0),
    (116,'2023-10-09','2023-11-14',0,15,42,'Works for me. Let''s aim for noon.',null,0,0),
    (117,'2023-11-25','2023-11-30',1,26,27,'Perfect. See you then!',null,0,1),
    (118,'2023-10-24','2023-10-24',0,46,22,'Hey, just wanted to check in on our meeting tomorrow. Are we still on?',null,0,0),
    (119,'2023-12-15','2023-12-15',1,19,44,'Hey! Absolutely. I''m looking forward to it.',null,0,0),
    (120,'2023-10-25','2023-10-25',1,7,4,'Me too. I think we''re going to knock their socks off!',null,1,1),
    (121,'2023-11-10','2023-11-17',0,9,41,'Agreed. We''ve put a lot of work into this, and it''s going to pay off.',null,0,1),
    (122,'2023-11-22','2023-11-22',0,34,35,'Definitely. Let''s make sure to exude confidence and professionalism.',null,1,0),
    (123,'2023-08-08','2023-09-23',0,29,11,'Absolutely. We''ve got this!',null,1,1),
    (124,'2023-12-30','2023-12-31',0,10,5,'Hey, just wanted to give you a heads up that I''ll be a bit early to our meeting tomorrow.',null,0,1),
    (125,'2023-09-24','2023-10-24',1,40,48,'No problem! I''ll make sure to be there on time.',null,0,1),
    (126,'2023-12-31','2023-12-31',1,36,15,'Thanks for understanding. I just want to make sure we''re fully prepared.','https://invitro.ca/api/multimedia/message126.jpg',1,0),
    (127,'2023-08-15','2023-09-22',0,24,30,'Absolutely. Preparation is key to success.',null,1,1),
    (128,'2023-12-30','2023-12-31',0,41,50,'Hey, just wanted to check in on our meeting preparations. Are you ready to wow them?',null,1,0),
    (129,'2023-12-02','2023-12-14',1,24,41,'Hey! Absolutely. I''m feeling confident about our presentation.',null,0,0),
    (130,'2023-11-04','2023-12-25',0,30,1,'That''s what I like to hear! Let''s show them what we''re made of.','https://invitro.ca/api/multimedia/message130.jpg',1,0),
    (131,'2023-11-22','2023-12-27',1,43,22,'Absolutely. I''m excited to see their reaction.','https://invitro.ca/api/multimedia/message131.jpg',0,1),
    (132,'2023-11-29','2023-12-29',0,49,2,'Me too. Let''s do this!',null,0,0),
    (133,'2023-12-19','2023-12-24',0,5,42,'Hey, just wanted to give you a heads up that I''ll be a bit late to our meeting today.',null,0,0),
    (134,'2023-12-01','2023-12-22',1,37,37,'No worries! Take your time.',null,1,0),
    (135,'2023-11-20','2023-12-22',0,6,2,'Thanks for understanding. I''ll be there as soon as I can.',null,0,1),
    (136,'2023-10-25','2023-11-29',1,11,32,'Perfect. See you when you get here!',null,0,1),
    (137,'2023-11-27','2023-12-31',1,43,33,'Hey, just wanted to touch base on our progress with client meetings. How did the meeting with the tech startup go?',null,0,0),
    (138,'2023-12-02','2023-12-02',0,1,34,'Hey! It went really well. They were impressed with our proposal.',null,0,1),
    (139,'2023-10-26','2023-10-28',0,15,12,'That''s fantastic news! Do you think they''re leaning towards working with us?',null,0,0),
    (140,'2023-11-13','2023-12-17',1,16,23,'Yes, I got the sense that they''re very interested. They just want to see some more data.',null,0,0),
    (141,'2023-11-13','2023-12-20',1,26,22,'Understood. Let''s gather whatever they need and follow up promptly.',null,0,0),
    (142,'2023-10-03','2023-11-23',1,23,45,'Absolutely. I''ll compile the data and send it over to you for review.',null,0,1),
    (143,'2023-09-26','2023-10-30',1,1,42,'Perfect. Let''s show them that we''re the perfect fit for their needs.',null,1,1),
    (144,'2023-12-19','2023-12-28',1,43,22,'Definitely. We''ve got this!',null,1,1),
    (145,'2023-12-11','2023-12-11',1,39,36,'Hey, just wanted to check in on our progress with compiling data for the tech startup. How''s it going?',null,0,0),
    (146,'2023-09-27','2023-09-30',1,5,50,'Hey! It''s coming along nicely. I''ve got most of the information we need.','https://invitro.ca/api/multimedia/message146.jpg',1,1),
    (147,'2023-09-10','2023-09-10',0,30,7,'That''s great to hear. Do you think we''ll be ready to send it over to them soon?',null,1,1),
    (148,'2023-06-14','2023-07-01',0,46,7,'Yes, I just need to organize it into a presentable format.',null,0,0),
    (149,'2023-11-27','2023-11-28',1,6,22,'Perfect. Let me know if you need any help with that.',null,1,1),
    (150,'2023-11-24','2023-11-28',1,3,33,'Will do. Thanks for checking in!',null,1,1),
    (151,'2023-12-31','2023-12-31',0,36,23,'Hey, just wanted to give you an update on the data compilation. I''ll have it ready to send over to the tech startup by tomorrow.',null,1,1),
    (152,'2023-12-26','2023-12-29',1,7,11,'Hey! That''s fantastic news. Thanks for staying on top of it.','https://invitro.ca/api/multimedia/message152.jpg',1,1),
    (153,'2023-10-05','2023-11-07',1,31,40,'Of course! I want to make sure we''re responsive to their needs.',null,1,1),
    (154,'2023-07-28','2023-07-31',1,50,25,'Absolutely. It shows our commitment to providing excellent service.',null,0,0),
    (155,'2023-12-02','2023-12-19',0,16,19,'Hey, just wanted to give you a heads up that I sent over the data to the tech startup. They seemed impressed with our responsiveness.',null,1,1),
    (156,'2023-10-06','2023-10-12',1,15,8,'That''s fantastic news! Thanks for taking care of that.',null,0,0),
    (157,'2023-10-12','2023-11-12',0,34,15,'Of course! I want to keep the momentum going.',null,1,1),
    (158,'2023-11-28','2023-11-28',1,25,36,'Agreed. Let''s keep pushing forward!',null,1,0),
    (159,'2023-11-27','2023-12-27',0,3,49,'Hey, just wanted to check in on our progress with scheduling client meetings. Have you heard back from any other potential leads?',null,0,1),
    (160,'2023-12-20','2023-12-27',0,27,13,null,'https://invitro.ca/api/multimedia/message160.jpg',1,1),
    (161,'2023-09-22','2023-09-23',1,29,27,'That''s great news! Do you think any of them have serious potential?',null,0,0),
    (162,'2023-07-16','2023-07-16',0,37,40,'Yes, I think so. One of them is a medium-sized manufacturing company looking to optimize their supply chain.',null,0,1),
    (163,'2023-08-07','2023-08-10',1,47,14,'Excellent. Let''s prepare a tailored pitch for them.',null,0,0),
    (164,'2023-08-28','2023-08-30',1,22,32,'Agreed. I''ll start working on it right away.',null,0,1),
    (165,'2023-11-14','2023-11-14',1,14,12,'And I''ll gather some case studies that demonstrate our expertise in their industry.',null,0,0),
    (166,'2023-11-17','2023-12-31',1,28,2,'Perfect. Let''s knock their socks off!',null,1,1),
    (167,'2023-07-29','2023-07-31',1,20,50,'Absolutely. We''ve got this!',null,1,1),
    (168,'2023-11-24','2023-11-24',1,47,13,'Hey, just wanted to touch base on our meeting preparations. How''s the pitch for the manufacturing company coming along?','https://invitro.ca/api/multimedia/message168.jpg',0,0),
    (169,'2023-12-30','2023-12-31',0,3,10,'Hey! It''s coming along nicely. I''ve outlined the key points we want to cover.',null,1,0),
    (170,'2023-12-14','2023-12-30',1,34,21,'That''s fantastic. Do you think we''ll be ready to present it to them next week?',null,1,1),
    (171,'2023-12-20','2023-12-26',1,19,43,'Yes, I think so. I just want to fine-tune a few details.',null,1,1),
    (172,'2023-10-11','2023-11-12',1,1,37,'Understood. Let me know if you need any help with that.','https://invitro.ca/api/multimedia/message172.jpg',1,0),
    (173,'2023-09-17','2023-09-26',0,37,11,'Will do. Thanks for checking in!',null,1,0),
    (174,'2023-12-08','2023-12-18',0,13,41,'Hey, just wanted to give you an update on the pitch for the manufacturing company. I''ll have it ready to present to them by Monday.',null,0,0),
    (175,'2023-11-28','2023-11-30',1,45,42,'Hey! That''s fantastic news. Thanks for staying on top of it.','https://invitro.ca/api/multimedia/message175.jpg',1,0),
    (176,'2023-12-31','2023-12-31',1,4,10,'Of course! I want to make sure we make a strong impression.',null,0,1),
    (177,'2023-11-20','2023-11-27',1,30,28,'Absolutely. Let''s make sure we''re well-prepared for the meeting.',null,0,1),
    (178,'2023-12-01','2023-12-18',0,45,41,'Hey, just wanted to check in on our progress with scheduling client meetings. How''s it going?',null,0,0),
    (179,'2023-07-17','2023-07-23',0,9,43,'Hey! It''s going well. I''ve got a couple of potential leads I''m following up with.',null,0,1),
    (180,'2023-12-04','2023-12-12',1,41,26,'That''s great to hear. Do you think any of them are particularly promising?',null,1,1),
    (181,'2023-10-02','2023-10-08',1,28,27,'Yes, I think so. One of them is a logistics company looking to streamline their operations.',null,1,0),
    (182,'2023-12-23','2023-12-26',0,25,3,'Excellent. Let''s prepare a tailored pitch for them.',null,1,0),
    (183,'2023-11-21','2023-11-22',0,39,3,'Agreed. I''ll start working on it right away.',null,1,0),
    (184,'2023-09-06','2023-10-12',1,49,37,'And I''ll gather some case studies that demonstrate our expertise in the logistics industry.',null,1,0),
    (185,'2023-06-07','2023-06-26',1,31,37,'Perfect. Let''s knock their socks off!',null,0,0),
    (186,'2023-11-25','2023-11-28',0,26,40,'Absolutely. We''ve got this!',null,0,0),
    (187,'2023-10-08','2023-11-08',0,27,49,'Hey, just wanted to touch base on our meeting preparations. How''s the pitch for the logistics company coming along?',null,1,0),
    (188,'2023-03-03','2023-03-03',0,47,25,'Hey! It''s coming along nicely. I''ve outlined the key points we want to cover.',null,1,1),
    (189,'2023-12-15','2023-12-31',0,45,33,'That''s fantastic. Do you think we''ll be ready to present it to them next week?',null,1,1),
    (190,'2023-11-19','2023-11-30',1,16,11,'Yes, I think so. I just want to fine-tune a few details.',null,1,1),
    (191,'2023-04-20','2023-05-25',1,21,15,'Understood. Let me know if you need any help with that.',null,0,1),
    (192,'2023-11-25','2023-12-26',0,34,34,'Will do. Thanks',null,1,0),
    (193,'2023-11-02','2023-12-21',1,16,23,'Hey, just wanted to give you an update on the pitch for the logistics company. I''ll have it ready to present to them by Monday.',null,0,0),
    (194,'2023-12-29','2023-12-29',0,19,18,'Hey! That''s fantastic news. Thanks for staying on top of it.',null,1,1),
    (195,'2023-12-23','2023-12-30',0,4,49,'Of course! I want to make sure we make a strong impression.',null,0,1),
    (196,'2023-10-22','2023-10-28',1,47,1,'Absolutely. Let''s make sure we''re well-prepared for the meeting.',null,1,0),
    (197,'2023-11-23','2023-11-23',0,7,23,'Hey, just wanted to check in on our progress with scheduling client meetings. How''s it going?',null,0,1),
    (198,'2023-12-13','2023-12-29',1,14,24,'Hey! It''s going well. I''ve got a couple of potential leads I''m following up with.',null,0,0),
    (199,'2023-12-31','2023-12-31',0,10,50,'That''s great to hear. Do you think any of them are particularly promising?',null,1,1),
    (200,'2023-11-05','2023-11-12',1,42,24,'Yes, I think so. One of them is a technology company looking to expand their product line.',null,0,1);


    /* SYNTHETIC POST DATA GENERATED USING OPEN AI CHATGPT 3.5 AND MICROSOFT EXCEL */
    INSERT INTO post (post_id, user_id, post, multimedia_url, post_date, location, modified_date, deleted)
    VALUES
    (1,13,'Introducing an AI-driven fitness app that personalizes workouts based on individual goals and preferences, revolutionizing the way people exercise.','https://invitro.ca/api/multimedia/post1.jpg','2023-10-19',POINT(49.2827, -123.1207),'2023-11-11',0),
    (2,21,'A sustainable fashion brand utilizing recycled materials to create stylish and eco-friendly clothing, catering to environmentally conscious consumers.',null,'2023-05-06',POINT(45.4215, -75.6919),'2023-05-16',0),
    (3,47,'Launching a platform connecting remote workers with unique co-working spaces worldwide, offering flexibility and creativity in work environments.',null,'2023-03-04',POINT(53.5461, -113.4938),'2023-03-04',0),
    (4,31,'Creating a subscription service for curated artisanal snacks from around the globe, delivering a taste adventure to doorsteps every month.',null,'2023-05-13',POINT(43.6511, -79.3470),'2023-06-06',0),
    (5,30,'Developing an online marketplace for handmade crafts and artisanal goods, empowering independent creators to reach a global audience.',null,'2023-09-10',null,'2023-09-17',0),
    (6,10,null,'https://invitro.ca/api/multimedia/post6.jpg','2023-12-31',POINT(46.8139, -71.2080),'2023-12-31',0),
    (7,31,'Launching a mobile app that gamifies sustainability, rewarding users for eco-friendly actions and promoting environmental awareness.','https://invitro.ca/api/multimedia/post7.jpg','2023-05-17',POINT(53.9333, -116.5765),'2023-05-17',0),
    (8,10,'Introducing a smart home device that monitors energy usage and suggests personalized ways to reduce consumption, saving both money and the planet.',null,'2023-12-31',POINT(51.2538, -85.3232),'2023-12-31',0),
    (9,34,'Creating an immersive virtual reality training program for corporate teams, enhancing collaboration and productivity through interactive simulations.','https://invitro.ca/api/multimedia/post9.jpg','2023-08-10',POINT(48.4284, -123.3656),'2023-08-10',0),
    (10,34,null,'https://invitro.ca/api/multimedia/post10.jpg','2023-08-04',POINT(42.9849, -81.2453),'2023-08-14',0),
    (11,4,'Developing a peer-to-peer car-sharing platform for urban communities, reducing congestion and emissions while providing affordable transportation options.',null,'2023-04-28',POINT(44.6488, -63.5752),'2023-05-19',0),
    (12,20,'Establishing a subscription-based digital library for children, offering interactive ebooks and educational games to inspire a love for learning.',null,'2023-07-06',POINT(45.5017, -73.5673),'2023-07-10',0),
    (13,3,'Launching a mobile app that connects travelers with local guides for authentic cultural experiences and off-the-beaten-path adventures.',null,'2023-12-04',POINT(45.4215, -75.6919),'2023-12-04',0),
    (14,45,'Creating a platform for virtual event planning, offering customizable templates and tools to host engaging and memorable online gatherings.',null,'2023-08-07',POINT(53.5444, -113.4909),'2023-08-07',0),
    (15,8,'Introducing a line of plant-based skincare products made from natural ingredients, promoting healthy and sustainable beauty routines.',null,'2023-09-30',POINT(49.2827, -123.1207),'2023-10-04',0),
    (16,42,'Developing a decentralized social media platform that prioritizes user privacy and data ownership, empowering individuals to control their online presence.',null,'2023-07-26',POINT(48.4275, -123.3673),'2023-08-08',0),
    (17,11,'Establishing an online marketplace for renting outdoor gear and equipment, enabling adventurers to access high-quality gear for their next expedition.',null,'2023-07-30',POINT(53.9333, -116.5765),'2023-07-30',0),
    (18,40,'Launching a virtual reality fitness studio, offering immersive workout classes and personalized training sessions from the comfort of home.',null,'2023-01-31',POINT(48.4284, -123.3656),'2023-01-31',0),
    (19,17,'Creating a mobile app for language learning through storytelling, making language acquisition fun, interactive, and culturally immersive.','https://invitro.ca/api/multimedia/post19.jpg','2023-06-27',null,'2023-06-27',0),
    (20,49,'Establishing a platform for connecting freelance professionals with remote project opportunities, facilitating flexible and efficient collaboration.','https://invitro.ca/api/multimedia/post20.jpg','2023-06-22',POINT(45.4215, -75.6919),'2023-06-22',0),
    (21,6,'Implementing a blockchain-based voting system to ensure transparency and integrity in elections, revolutionizing democratic processes.',null,'2023-11-22',null,'2023-11-22',0),
    (22,2,'Developing a personalized nutrition app that analyzes dietary habits and provides tailored meal plans for optimal health and wellness.',null,'2023-08-10',POINT(49.8994, -97.1392),'2023-08-10',0),
    (23,38,'Launching a pet care subscription service that delivers premium food, toys, and accessories, ensuring happy and healthy pets.',null,'2023-09-30',POINT(53.9333, -116.5765),'2023-09-30',0),
    (24,4,'Establishing a peer-to-peer lending platform that connects borrowers with individual investors, providing fair and accessible financing options.',null,'2023-05-15',POINT(42.9849, -81.2453),'2023-06-08',0),
    (25,13,'Creating an online platform for skill-sharing and mentorship, connecting experts with learners for personalized growth and development.','https://invitro.ca/api/multimedia/post25.jpg','2023-11-17',POINT(44.6488, -63.5752),'2023-12-09',0),
    (26,46,'Introducing a virtual interior design service that offers customized room layouts and decor recommendations, simplifying home renovation.',null,'2023-06-03',POINT(43.6511, -79.3470),'2023-06-03',0),
    (27,36,'Developing a mobile app for stress management and mindfulness, offering guided meditation sessions and relaxation techniques.','https://invitro.ca/api/multimedia/post27.jpg','2023-11-28',POINT(49.2827, -123.1207),'2023-11-28',0),
    (28,44,'Launching a personalized fashion subscription box that delivers curated outfits based on individual style preferences and body measurements.',null,'2023-11-20',POINT(45.4215, -75.6919),'2023-11-20',0),
    (29,40,null,'https://invitro.ca/api/multimedia/post29.jpg','2023-01-06',POINT(51.2538, -85.3232),'2023-01-06',0),
    (30,33,'Creating an e-commerce platform for sustainable and ethical products, promoting eco-friendly consumption habits and supporting ethical brands.','https://invitro.ca/api/multimedia/post30.jpg','2023-10-14',POINT(48.4284, -123.3656),'2023-10-17',0),
    (31,29,'Launching a digital platform for personalized financial planning and investment management, empowering individuals to achieve their financial goals.',null,'2023-04-25',POINT(49.8994, -97.1392),'2023-04-25',0),
    (32,50,'Developing a mobile app for remote health monitoring and telemedicine consultations, improving access to healthcare services.','https://invitro.ca/api/multimedia/post32.jpg','2023-01-10',POINT(53.5461, -113.4938),'2023-01-10',0),
    (33,32,'Establishing a platform for virtual home tours and real estate listings, revolutionizing the way properties are bought and sold.',null,'2023-02-13',POINT(46.8139, -71.2080),'2023-02-13',0),
    (34,12,'Introducing a subscription-based meal planning service that offers customized meal plans and grocery lists, making healthy eating effortless.',null,'2023-04-22',POINT(53.9333, -116.5765),'2023-05-04',0),
    (35,44,'Creating an online marketplace for handmade and vintage furniture, connecting artisans with furniture enthusiasts worldwide.','https://invitro.ca/api/multimedia/post35.jpg','2023-12-08',POINT(48.4275, -123.3673),'2023-12-08',0),
    (36,44,'Launching a mobile app for language translation and cultural exchange, bridging language barriers and fostering global communication.',null,'2023-11-18',POINT(45.5017, -73.5673),'2023-11-18',0),
    (37,13,'Establishing a platform for virtual fitness classes and personal training sessions, providing convenient and effective workouts from anywhere.','https://invitro.ca/api/multimedia/post37.jpg','2023-10-28',POINT(44.6488, -63.5752),'2023-11-23',0),
    (38,21,'Developing an AI-powered recruitment platform that matches job seekers with compatible employers, streamlining the hiring process for both parties.',null,'2023-05-15',POINT(43.6511, -79.3470),'2023-05-15',0),
    (39,19,'Introducing a peer-to-peer tutoring platform that connects students with qualified tutors for personalized academic support.',null,'2023-12-18',POINT(49.2827, -123.1207),'2023-12-18',0),
    (40,15,'Creating an online marketplace for sustainable and ethically sourced groceries, promoting conscious consumption and supporting local farmers.','https://invitro.ca/api/multimedia/post40.jpg','2023-02-12',POINT(51.2538, -85.3232),'2023-02-12',0),
    (41,50,null,'https://invitro.ca/api/multimedia/post41.jpg','2023-01-28',POINT(45.4215, -75.6919),'2023-01-28',0),
    (42,42,'Establishing a virtual reality entertainment platform that offers immersive gaming experiences and interactive storytelling.',null,'2023-08-09',POINT(48.4284, -123.3656),'2023-09-01',0),
    (43,14,'Developing a mobile app for mindfulness and mental wellness, providing guided meditation sessions and stress-relief exercises.','https://invitro.ca/api/multimedia/post43.jpg','2023-06-11',POINT(53.9333, -116.5765),'2023-06-12',0),
    (44,36,'Introducing a subscription-based wine club that delivers curated selections of fine wines from around the world, offering tasting notes and pairing recommendations.','https://invitro.ca/api/multimedia/post44.jpg','2023-12-01',POINT(46.8139, -71.2080),'2023-12-01',0),
    (45,8,'Creating an online platform for booking unique travel experiences and adventure tours, connecting travelers with local guides and off-the-beaten-path destinations.','https://invitro.ca/api/multimedia/post45.jpg','2023-10-08',POINT(49.8994, -97.1392),'2023-10-09',0),
    (46,34,'Launching a digital marketplace for handmade and artisanal home decor, offering unique and personalized pieces for every style and budget.',null,'2023-08-12',POINT(53.5461, -113.4938),'2023-09-05',0),
    (47,1,'Establishing an online platform for virtual team building activities and corporate retreats, fostering teamwork and morale in remote teams.','https://invitro.ca/api/multimedia/post47.jpg','2023-05-28',POINT(42.9849, -81.2453),'2023-05-28',0),
    (48,7,'Developing a mobile app for managing personal finances and budgeting, providing insights and tools to help users achieve their financial goals.','https://invitro.ca/api/multimedia/post48.jpg','2023-03-11',POINT(44.6488, -63.5752),'2023-03-13',0),
    (49,34,'Introducing a platform for personalized fitness coaching and workout plans, connecting users with certified trainers for tailored exercise routines.','https://invitro.ca/api/multimedia/post49.jpg','2023-08-19',POINT(43.6511, -79.3470),'2023-08-22',0),
    (50,10,'Creating an online marketplace for renting designer clothing and accessories, offering luxury fashion on a rental basis for special occasions and everyday wear.','https://invitro.ca/api/multimedia/post50.jpg','2023-12-30',POINT(49.2827, -123.1207),'2023-12-31',0),
    (51,48,'Launching a virtual reality travel platform that allows users to explore destinations around the world from the comfort of home, offering immersive experiences and cultural insights.',null,'2023-10-01',POINT(49.2827, -123.1207),'2023-10-23',0),
    (52,24,'Establishing a digital platform for buying, selling, and trading collectible sneakers and streetwear, connecting sneakerheads and fashion enthusiasts worldwide.',null,'2023-05-31',POINT(45.4215, -75.6919),'2023-06-28',0),
    (53,22,'Developing a mobile app for plant identification and gardening tips, helping users cultivate green thumbs and create thriving indoor and outdoor gardens.','https://invitro.ca/api/multimedia/post53.jpg','2023-02-06',POINT(53.5461, -113.4938),'2023-02-06',0),
    (54,39,'Introducing a subscription-based meal delivery service that offers chef-prepared meals made with locally sourced and organic ingredients, providing convenient and healthy dining options.','https://invitro.ca/api/multimedia/post54.jpg','2023-07-06',POINT(43.6511, -79.3470),'2023-08-02',0),
    (55,37,null,'https://invitro.ca/api/multimedia/post55.jpg','2023-02-06',POINT(49.8994, -97.1392),'2023-02-08',0),
    (56,29,'Launching a digital platform for personalized nutrition coaching and meal planning, helping users achieve their health and wellness goals through customized dietary guidance.',null,'2023-04-01',POINT(46.8139, -71.2080),'2023-04-01',0),
    (57,19,'Establishing a virtual reality education platform that offers immersive learning experiences and interactive lessons across a wide range of subjects and disciplines.',null,'2023-12-28',POINT(53.9333, -116.5765),'2023-12-30',0),
    (58,18,'Developing a mobile app for carpooling and ride-sharing, providing an environmentally friendly and cost-effective alternative to traditional transportation methods.',null,'2023-03-12',POINT(51.2538, -85.3232),'2023-03-17',0),
    (59,45,'Introducing a platform for virtual interior design consultations, connecting homeowners with professional designers for personalized home decor advice and inspiration.',null,'2023-08-26',POINT(48.4284, -123.3656),'2023-09-07',0),
    (60,8,'Creating an online marketplace for buying, selling, and trading vintage and collectible vinyl records, connecting music enthusiasts and collectors worldwide.',null,'2023-10-06',POINT(42.9849, -81.2453),'2023-10-06',0),
    (61,2,'Launching a digital platform for booking outdoor adventures and nature tours, offering unique experiences in some of the world''s most breathtaking natural landscapes.','https://invitro.ca/api/multimedia/post61.jpg','2023-08-05',POINT(44.6488, -63.5752),'2023-08-20',0),
    (62,41,'Establishing a virtual reality fitness platform that offers immersive workout experiences and personalized training programs, motivating users to stay active and healthy.',null,'2023-11-14',POINT(45.5017, -73.5673),'2023-11-14',0),
    (63,38,'Developing a mobile app for mindfulness meditation and stress relief, providing guided meditation sessions and relaxation techniques for mental wellness and emotional balance.','https://invitro.ca/api/multimedia/post63.jpg','2023-10-16',POINT(45.4215, -75.6919),'2023-10-16',0),
    (64,9,'Introducing a subscription-based meal kit service that offers chef-curated recipes and pre-portioned ingredients, making home cooking easy, convenient, and delicious.','https://invitro.ca/api/multimedia/post64.jpg','2023-06-13',POINT(53.5444, -113.4909),'2023-06-21',0),
    (65,29,'Creating an online platform for buying, selling, and trading limited edition sneakers and streetwear, catering to sneakerheads and fashion enthusiasts worldwide.',null,'2023-04-16',POINT(49.2827, -123.1207),'2023-05-07',0),
    (66,25,'Launching a digital marketplace for handmade and artisanal candles, offering unique scents and designs for every occasion and decor style.',null,'2023-02-20',POINT(48.4275, -123.3673),'2023-02-21',0),
    (67,38,'Establishing a virtual reality travel agency that offers immersive travel experiences and destination simulations, allowing users to explore the world from the comfort of home.',null,'2023-10-03',POINT(53.9333, -116.5765),'2023-10-07',0),
    (68,26,null,'https://invitro.ca/api/multimedia/post68.jpg','2023-10-30',POINT(48.4284, -123.3656),'2023-10-31',0),
    (69,4,'Introducing a platform for virtual personal training and fitness coaching, connecting users with certified trainers for personalized workout plans and support.','https://invitro.ca/api/multimedia/post69.jpg','2023-05-19',POINT(46.8139, -71.2080),'2023-05-20',0),
    (70,45,'Creating an online marketplace for buying, selling, and trading vintage and collectible watches, connecting watch enthusiasts and collectors worldwide.',null,'2023-08-23',POINT(45.4215, -75.6919),'2023-09-15',0),
    (71,31,'Launching a digital platform for booking unique and unconventional accommodations, offering a curated selection of alternative lodging options for travelers.',null,'2023-05-12',POINT(53.5461, -113.4938),'2023-05-23',0),
    (72,25,'Establishing a virtual reality art gallery that offers immersive art experiences and exhibitions, showcasing the work of contemporary artists from around the world.',null,'2023-02-11',POINT(49.8994, -97.1392),'2023-02-11',0),
    (73,13,'Developing a mobile app for outdoor navigation and adventure planning, providing maps, trails, and tips for hiking, camping, and exploring the great outdoors.','https://invitro.ca/api/multimedia/post73.jpg','2023-10-31',POINT(53.9333, -116.5765),'2023-10-31',0),
    (74,19,'Introducing a subscription-based coffee delivery service that offers curated selections of premium coffees from around the world, delivered fresh to doorsteps every month.',null,'2023-12-31',POINT(42.9849, -81.2453),'2023-12-31',0),
    (75,14,'Creating an online platform for booking wellness experiences and holistic retreats, offering transformative journeys for mind, body, and soul.','https://invitro.ca/api/multimedia/post75.jpg','2023-06-24',POINT(44.6488, -63.5752),'2023-06-24',0),
    (76,39,'Launching a digital marketplace for buying, selling, and trading handmade and artisanal jewelry, offering unique pieces for every style and occasion.','https://invitro.ca/api/multimedia/post76.jpg','2023-07-03',POINT(43.6511, -79.3470),'2023-07-03',0),
    (77,48,'Establishing a virtual reality music festival platform that offers immersive concert experiences and live performances from top artists and bands.','https://invitro.ca/api/multimedia/post77.jpg','2023-09-21',POINT(49.2827, -123.1207),'2023-09-21',0),
    (78,34,'Developing a mobile app for mental health tracking and support, providing tools and resources for self-care, mood tracking, and therapy access.',null,'2023-08-25',POINT(45.4215, -75.6919),'2023-08-25',0),
    (79,17,'Introducing a platform for virtual interior design workshops and DIY home decor tutorials, empowering homeowners to create beautiful spaces on a budget.',null,'2023-07-14',null,'2023-08-03',0),
    (80,2,'Creating an online marketplace for buying, selling, and trading vintage and collectible comic books, connecting comic enthusiasts and collectors worldwide.','https://invitro.ca/api/multimedia/post80.jpg','2023-08-19',POINT(48.4284, -123.3656),'2023-08-20',0),
    (81,22,'Launching a digital platform for booking eco-friendly travel experiences and sustainable tourism adventures, promoting responsible travel practices and conservation efforts.','https://invitro.ca/api/multimedia/post81.jpg','2023-01-25',POINT(49.8994, -97.1392),'2023-02-14',0),
    (82,41,'Establishing a virtual reality meditation studio that offers immersive mindfulness experiences and guided meditation sessions for stress relief and relaxation.','https://invitro.ca/api/multimedia/post82.jpg','2023-11-19',POINT(53.5461, -113.4938),'2023-11-19',0),
    (83,36,'Developing a mobile app for plant care and gardening tips, providing personalized advice and reminders for watering, fertilizing, and pruning indoor and outdoor plants.','https://invitro.ca/api/multimedia/post83.jpg','2023-11-24',POINT(46.8139, -71.2080),'2023-12-02',0),
    (84,42,'Introducing a subscription-based meal delivery service that offers chef-prepared meals made with locally sourced and organic ingredients, providing convenient and healthy dining options.','https://invitro.ca/api/multimedia/post84.jpg','2023-07-31',POINT(53.9333, -116.5765),'2023-07-31',0),
    (85,21,'Creating an online platform for booking wellness retreats and spa vacations, offering rejuvenating experiences for mind, body, and soul.','https://invitro.ca/api/multimedia/post85.jpg','2023-04-26',POINT(48.4275, -123.3673),'2023-04-26',0),
    (86,13,'Launching a digital platform for personalized nutrition coaching and meal planning, helping users achieve their health and wellness goals through customized dietary guidance.','https://invitro.ca/api/multimedia/post86.jpg','2023-10-28',POINT(45.5017, -73.5673),'2023-10-28',0),
    (87,12,'Establishing a virtual reality education platform that offers immersive learning experiences and interactive lessons across a wide range of subjects and disciplines.','https://invitro.ca/api/multimedia/post87.jpg','2023-04-25',POINT(44.6488, -63.5752),'2023-05-02',0),
    (88,7,'Developing a mobile app for carpooling and ride-sharing, providing an environmentally friendly and cost-effective alternative to traditional transportation methods.','https://invitro.ca/api/multimedia/post88.jpg','2023-03-02',POINT(43.6511, -79.3470),'2023-03-13',0),
    (89,17,'Introducing a platform for virtual interior design consultations, connecting homeowners with professional designers for personalized home decor advice and inspiration.',null,'2023-06-20',POINT(49.2827, -123.1207),'2023-06-23',0),
    (90,23,null,'https://invitro.ca/api/multimedia/post90.jpg','2023-09-08',POINT(51.2538, -85.3232),'2023-09-08',0),
    (91,25,'Launching a digital platform for booking outdoor adventures and nature tours, offering unique experiences in some of the world''s most breathtaking natural landscapes.','https://invitro.ca/api/multimedia/post91.jpg','2023-02-21',POINT(45.4215, -75.6919),'2023-02-24',0),
    (92,42,'Establishing a virtual reality fitness platform that offers immersive workout experiences and personalized training programs, motivating users to stay active and healthy.',null,'2023-08-10',POINT(48.4284, -123.3656),'2023-09-02',0),
    (93,8,'Developing a mobile app for mindfulness meditation and stress relief, providing guided meditation sessions and relaxation techniques for mental wellness and emotional balance.','https://invitro.ca/api/multimedia/post93.jpg','2023-09-26',POINT(53.9333, -116.5765),'2023-09-26',0),
    (94,21,'Introducing a subscription-based meal kit service that offers chef-curated recipes and pre-portioned ingredients, making home cooking easy, convenient, and delicious.',null,'2023-05-18',POINT(46.8139, -71.2080),'2023-06-13',0),
    (95,10,'Creating an online platform for buying, selling, and trading limited edition sneakers and streetwear, catering to sneakerheads and fashion enthusiasts worldwide.','https://invitro.ca/api/multimedia/post95.jpg','2023-12-30',POINT(49.8994, -97.1392),'2023-12-30',0),
    (96,34,'Launching a digital marketplace for handmade and artisanal candles, offering unique scents and designs for every occasion and decor style.','https://invitro.ca/api/multimedia/post96.jpg','2023-08-09',POINT(53.5461, -113.4938),'2023-08-09',0),
    (97,37,'Establishing a virtual reality travel agency that offers immersive travel experiences and destination simulations, allowing users to explore the world from the comfort of home.',null,'2023-02-27',POINT(42.9849, -81.2453),'2023-03-14',0),
    (98,10,'Developing a mobile app for language translation and interpretation, providing real-time translation services for travelers, students, and businesses.',null,'2023-12-30',POINT(44.6488, -63.5752),'2023-12-31',0),
    (99,8,'Introducing a platform for virtual personal training and fitness coaching, connecting users with certified trainers for personalized workout plans and support.','https://invitro.ca/api/multimedia/post99.jpg','2023-09-23',POINT(43.6511, -79.3470),'2023-09-23',0),
    (100,3,'Creating an online marketplace for buying, selling, and trading vintage and collectible watches, connecting watch enthusiasts and collectors worldwide.',null,'2023-12-09',POINT(49.2827, -123.1207),'2023-12-20',0),
    (101,44,'Launching a digital platform for booking unique and unconventional accommodations, offering a curated selection of alternative lodging options for travelers.',null,'2023-12-06',POINT(49.2827, -123.1207),'2023-12-06',0),
    (102,33,'Establishing a virtual reality art gallery that offers immersive art experiences and exhibitions, showcasing the work of contemporary artists from around the world.','https://invitro.ca/api/multimedia/post102.jpg','2023-10-23',POINT(45.4215, -75.6919),'2023-11-09',0),
    (103,18,'Developing a mobile app for outdoor navigation and adventure planning, providing maps, trails, and tips for hiking, camping, and exploring the great outdoors.','https://invitro.ca/api/multimedia/post103.jpg','2023-03-07',POINT(53.5461, -113.4938),'2023-03-31',0),
    (104,48,'Introducing a subscription-based coffee delivery service that offers curated selections of premium coffees from around the world, delivered fresh to doorsteps every month.','https://invitro.ca/api/multimedia/post104.jpg','2023-10-12',POINT(43.6511, -79.3470),'2023-10-30',0),
    (105,28,'Creating an online platform for booking wellness experiences and holistic retreats, offering transformative journeys for mind, body, and soul.','https://invitro.ca/api/multimedia/post105.jpg','2023-04-19',POINT(49.8994, -97.1392),'2023-04-19',0),
    (106,18,'Launching a digital marketplace for buying, selling, and trading handmade and artisanal jewelry, offering unique pieces for every style and occasion.','https://invitro.ca/api/multimedia/post106.jpg','2023-03-06',POINT(46.8139, -71.2080),'2023-03-06',0),
    (107,49,'Establishing a virtual reality music festival platform that offers immersive concert experiences and live performances from top artists and bands.','https://invitro.ca/api/multimedia/post107.jpg','2023-07-04',POINT(53.9333, -116.5765),'2023-08-01',0),
    (108,38,'Developing a mobile app for mental health tracking and support, providing tools and resources for self-care, mood tracking, and therapy access.',null,'2023-10-04',POINT(51.2538, -85.3232),'2023-10-28',0),
    (109,11,'Introducing a platform for virtual interior design workshops and DIY home decor tutorials, empowering homeowners to create beautiful spaces on a budget.','https://invitro.ca/api/multimedia/post109.jpg','2023-08-04',POINT(48.4284, -123.3656),'2023-08-23',0),
    (110,8,'Creating an online marketplace for buying, selling, and trading vintage and collectible comic books, connecting comic enthusiasts and collectors worldwide.','https://invitro.ca/api/multimedia/post110.jpg','2023-09-23',POINT(42.9849, -81.2453),'2023-09-29',0),
    (111,1,'Launching a digital platform for booking eco-friendly travel experiences and sustainable tourism adventures, promoting responsible travel practices and conservation efforts.','https://invitro.ca/api/multimedia/post111.jpg','2023-05-23',POINT(44.6488, -63.5752),'2023-05-26',0),
    (112,23,'Establishing a virtual reality meditation studio that offers immersive mindfulness experiences and guided meditation sessions for stress relief and relaxation.','https://invitro.ca/api/multimedia/post112.jpg','2023-08-18',POINT(45.5017, -73.5673),'2023-08-25',0),
    (113,45,'Developing a mobile app for plant care and gardening tips, providing personalized advice and reminders for watering, fertilizing, and pruning indoor and outdoor plants.',null,'2023-08-20',POINT(45.4215, -75.6919),'2023-09-06',0),
    (114,27,'Introducing a subscription-based meal delivery service that offers chef-prepared meals made with locally sourced and organic ingredients, providing convenient and healthy dining options.','https://invitro.ca/api/multimedia/post114.jpg','2023-08-18',POINT(53.5444, -113.4909),'2023-09-02',0),
    (115,14,'Creating an online platform for booking wellness retreats and spa vacations, offering rejuvenating experiences for mind, body, and soul.',null,'2023-06-12',POINT(49.2827, -123.1207),'2023-06-20',0),
    (116,40,'Launching a digital platform for personalized nutrition coaching and meal planning, helping users achieve their health and wellness goals through customized dietary guidance.',null,'2023-02-03',POINT(48.4275, -123.3673),'2023-02-13',0),
    (117,48,'Establishing a virtual reality education platform that offers immersive learning experiences and interactive lessons across a wide range of subjects and disciplines.','https://invitro.ca/api/multimedia/post117.jpg','2023-10-14',POINT(53.9333, -116.5765),'2023-10-14',0),
    (118,34,'Developing a mobile app for carpooling and ride-sharing, providing an environmentally friendly and cost-effective alternative to traditional transportation methods.','https://invitro.ca/api/multimedia/post118.jpg','2023-08-06',POINT(48.4284, -123.3656),'2023-08-11',0),
    (119,18,'Introducing a platform for virtual interior design consultations, connecting homeowners with professional designers for personalized home decor advice and inspiration.','https://invitro.ca/api/multimedia/post119.jpg','2023-03-10',POINT(46.8139, -71.2080),'2023-03-10',0),
    (120,6,null,'https://invitro.ca/api/multimedia/post120.jpg','2023-11-26',POINT(45.4215, -75.6919),'2023-12-13',0),
    (121,11,'Launching a digital platform for booking outdoor adventures and nature tours, offering unique experiences in some of the world''s most breathtaking natural landscapes.','https://invitro.ca/api/multimedia/post121.jpg','2023-07-30',POINT(53.5461, -113.4938),'2023-07-30',0),
    (122,2,'Establishing a virtual reality fitness platform that offers immersive workout experiences and personalized training programs, motivating users to stay active and healthy.',null,'2023-08-06',POINT(49.8994, -97.1392),'2023-08-06',0),
    (123,17,'Developing a mobile app for mindfulness meditation and stress relief, providing guided meditation sessions and relaxation techniques for mental wellness and emotional balance.','https://invitro.ca/api/multimedia/post123.jpg','2023-06-27',POINT(53.9333, -116.5765),'2023-06-27',0),
    (124,44,'Introducing a subscription-based meal kit service that offers chef-curated recipes and pre-portioned ingredients, making home cooking easy, convenient, and delicious.',null,'2023-11-26',POINT(42.9849, -81.2453),'2023-12-10',0),
    (125,45,'Creating an online platform for buying, selling, and trading limited edition sneakers and streetwear, catering to sneakerheads and fashion enthusiasts worldwide.','https://invitro.ca/api/multimedia/post125.jpg','2023-08-23',POINT(44.6488, -63.5752),'2023-09-10',0),
    (126,35,'Launching a digital marketplace for handmade and artisanal candles, offering unique scents and designs for every occasion and decor style.',null,'2023-05-15',POINT(43.6511, -79.3470),'2023-05-15',0),
    (127,14,'Establishing a virtual reality travel agency that offers immersive travel experiences and destination simulations, allowing users to explore the world from the comfort of home.',null,'2023-06-16',POINT(49.2827, -123.1207),'2023-06-16',0),
    (128,39,'Developing a mobile app for language translation and interpretation, providing real-time translation services for travelers, students, and businesses.',null,'2023-06-25',null,'2023-06-25',0),
    (129,34,'Introducing a platform for virtual personal training and fitness coaching, connecting users with certified trainers for personalized workout plans and support.',null,'2023-08-02',POINT(51.2538, -85.3232),'2023-08-02',0),
    (130,38,'Creating an online marketplace for buying, selling, and trading vintage and collectible watches, connecting watch enthusiasts and collectors worldwide.',null,'2023-10-11',POINT(48.4284, -123.3656),'2023-10-11',0),
    (131,32,'Launching a digital platform for booking unique and unconventional accommodations, offering a curated selection of alternative lodging options for travelers.','https://invitro.ca/api/multimedia/post131.jpg','2023-02-11',POINT(49.8994, -97.1392),'2023-03-10',0),
    (132,13,'Establishing a virtual reality art gallery that offers immersive art experiences and exhibitions, showcasing the work of contemporary artists from around the world.',null,'2023-10-25',POINT(53.5461, -113.4938),'2023-10-31',0),
    (133,48,'Developing a mobile app for outdoor navigation and adventure planning, providing maps, trails, and tips for hiking, camping, and exploring the great outdoors.','https://invitro.ca/api/multimedia/post133.jpg','2023-09-16',POINT(46.8139, -71.2080),'2023-09-29',0),
    (134,30,'Introducing a subscription-based coffee delivery service that offers curated selections of premium coffees from around the world, delivered fresh to doorsteps every month.',null,'2023-09-10',POINT(53.9333, -116.5765),'2023-09-11',0),
    (135,26,'Creating an online platform for booking wellness experiences and holistic retreats, offering transformative journeys for mind, body, and soul.',null,'2023-11-12',POINT(48.4275, -123.3673),'2023-12-12',0),
    (136,8,'Launching a digital marketplace for buying, selling, and trading handmade and artisanal jewelry, offering unique pieces for every style and occasion.','https://invitro.ca/api/multimedia/post136.jpg','2023-09-19',POINT(45.5017, -73.5673),'2023-09-19',0),
    (137,6,'Establishing a virtual reality music festival platform that offers immersive concert experiences and live performances from top artists and bands.','https://invitro.ca/api/multimedia/post137.jpg','2023-11-04',POINT(44.6488, -63.5752),'2023-11-19',0),
    (138,31,'Developing a mobile app for mental health tracking and support, providing tools and resources for self-care, mood tracking, and therapy access.','https://invitro.ca/api/multimedia/post138.jpg','2023-05-20',POINT(43.6511, -79.3470),'2023-05-27',0),
    (139,7,'Introducing a platform for virtual interior design workshops and DIY home decor tutorials, empowering homeowners to create beautiful spaces on a budget.','https://invitro.ca/api/multimedia/post139.jpg','2023-03-12',POINT(49.2827, -123.1207),'2023-03-16',0),
    (140,7,'Creating an online marketplace for buying, selling, and trading vintage and collectible comic books, connecting comic enthusiasts and collectors worldwide.','https://invitro.ca/api/multimedia/post140.jpg','2023-03-11',POINT(51.2538, -85.3232),'2023-04-10',0),
    (141,7,'Launching a digital platform for booking eco-friendly travel experiences and sustainable tourism adventures, promoting responsible travel practices and conservation efforts.','https://invitro.ca/api/multimedia/post141.jpg','2023-03-04',POINT(45.4215, -75.6919),'2023-03-04',0),
    (142,9,null,'https://invitro.ca/api/multimedia/post142.jpg','2023-06-24',null,'2023-07-22',0),
    (143,33,'Developing a mobile app for plant care and gardening tips, providing personalized advice and reminders for watering, fertilizing, and pruning indoor and outdoor plants.','https://invitro.ca/api/multimedia/post143.jpg','2023-10-22',POINT(53.9333, -116.5765),'2023-10-22',0),
    (144,49,'Introducing a subscription-based meal delivery service that offers chef-prepared meals made with locally sourced and organic ingredients, providing convenient and healthy dining options.','https://invitro.ca/api/multimedia/post144.jpg','2023-07-03',POINT(46.8139, -71.2080),'2023-07-03',0),
    (145,41,'Creating an online platform for booking wellness retreats and spa vacations, offering rejuvenating experiences for mind, body, and soul.',null,'2023-11-14',POINT(49.8994, -97.1392),'2023-11-17',0),
    (146,13,'Launching a digital platform for personalized nutrition coaching and meal planning, helping users achieve their health and wellness goals through customized dietary guidance.',null,'2023-11-06',POINT(53.5461, -113.4938),'2023-11-09',0),
    (147,23,'Establishing a virtual reality education platform that offers immersive learning experiences and interactive lessons across a wide range of subjects and disciplines.','https://invitro.ca/api/multimedia/post147.jpg','2023-08-18',POINT(42.9849, -81.2453),'2023-08-27',0),
    (148,42,'Developing a mobile app for carpooling and ride-sharing, providing an environmentally friendly and cost-effective alternative to traditional transportation methods.','https://invitro.ca/api/multimedia/post148.jpg','2023-08-15',POINT(44.6488, -63.5752),'2023-08-15',0),
    (149,26,'Introducing a platform for virtual interior design consultations, connecting homeowners with professional designers for personalized home decor advice and inspiration.','https://invitro.ca/api/multimedia/post149.jpg','2023-11-19',POINT(43.6511, -79.3470),'2023-11-30',0),
    (150,41,'Creating an online marketplace for buying, selling, and trading vintage and collectible vinyl records, connecting music enthusiasts and collectors worldwide.',null,'2023-11-17',POINT(49.2827, -123.1207),'2023-11-19',0),
    (151,20,'Launching a digital platform for booking outdoor adventures and nature tours, offering unique experiences in some of the world''s most breathtaking natural landscapes.',null,'2023-08-04',POINT(49.2827, -123.1207),'2023-08-04',0),
    (152,4,'Establishing a virtual reality fitness platform that offers immersive workout experiences and personalized training programs, motivating users to stay active and healthy.',null,'2023-05-07',POINT(45.4215, -75.6919),'2023-05-07',0),
    (153,22,'Developing a mobile app for mindfulness meditation and stress relief, providing guided meditation sessions and relaxation techniques for mental wellness and emotional balance.',null,'2023-01-31',POINT(53.5461, -113.4938),'2023-01-31',0),
    (154,10,'Introducing a subscription-based meal kit service that offers chef-curated recipes and pre-portioned ingredients, making home cooking easy, convenient, and delicious.',null,'2023-12-31',POINT(43.6511, -79.3470),'2023-12-31',0),
    (155,19,'Creating an online platform for buying, selling, and trading limited edition sneakers and streetwear, catering to sneakerheads and fashion enthusiasts worldwide.','https://invitro.ca/api/multimedia/post155.jpg','2023-12-13',POINT(49.8994, -97.1392),'2023-12-27',0),
    (156,48,null,'https://invitro.ca/api/multimedia/post156.jpg','2023-10-04',POINT(46.8139, -71.2080),'2023-10-15',0),
    (157,43,'Establishing a virtual reality travel agency that offers immersive travel experiences and destination simulations, allowing users to explore the world from the comfort of home.',null,'2023-05-13',POINT(53.9333, -116.5765),'2023-06-01',0),
    (158,6,'Developing a mobile app for language translation and interpretation, providing real-time translation services for travelers, students, and businesses.',null,'2023-11-22',POINT(51.2538, -85.3232),'2023-12-17',0),
    (159,9,'Introducing a platform for virtual personal training and fitness coaching, connecting users with certified trainers for personalized workout plans and support.','https://invitro.ca/api/multimedia/post159.jpg','2023-06-08',POINT(48.4284, -123.3656),'2023-06-08',0),
    (160,34,'Creating an online marketplace for buying, selling, and trading vintage and collectible watches, connecting watch enthusiasts and collectors worldwide.',null,'2023-08-23',POINT(42.9849, -81.2453),'2023-08-24',0),
    (161,14,'Launching a digital platform for booking unique and unconventional accommodations, offering a curated selection of alternative lodging options for travelers.','https://invitro.ca/api/multimedia/post161.jpg','2023-06-03',POINT(44.6488, -63.5752),'2023-06-17',0),
    (162,42,'Establishing a virtual reality art gallery that offers immersive art experiences and exhibitions, showcasing the work of contemporary artists from around the world.','https://invitro.ca/api/multimedia/post162.jpg','2023-08-17',POINT(45.5017, -73.5673),'2023-08-17',0),
    (163,9,'Developing a mobile app for outdoor navigation and adventure planning, providing maps, trails, and tips for hiking, camping, and exploring the great outdoors.','https://invitro.ca/api/multimedia/post163.jpg','2023-06-24',POINT(45.4215, -75.6919),'2023-06-24',0),
    (164,40,'Introducing a subscription-based coffee delivery service that offers curated selections of premium coffees from around the world, delivered fresh to doorsteps every month.','https://invitro.ca/api/multimedia/post164.jpg','2023-01-21',POINT(53.5444, -113.4909),'2023-01-29',0),
    (165,7,'Creating an online platform for booking wellness experiences and holistic retreats, offering transformative journeys for mind, body, and soul.','https://invitro.ca/api/multimedia/post165.jpg','2023-03-10',POINT(49.2827, -123.1207),'2023-03-12',0),
    (166,38,'Launching a digital marketplace for buying, selling, and trading handmade and artisanal jewelry, offering unique pieces for every style and occasion.','https://invitro.ca/api/multimedia/post166.jpg','2023-10-08',POINT(48.4275, -123.3673),'2023-11-03',0),
    (167,30,'Establishing a virtual reality music festival platform that offers immersive concert experiences and live performances from top artists and bands.',null,'2023-08-30',POINT(53.9333, -116.5765),'2023-09-25',0),
    (168,8,'Developing a mobile app for mental health tracking and support, providing tools and resources for self-care, mood tracking, and therapy access.','https://invitro.ca/api/multimedia/post168.jpg','2023-09-24',POINT(48.4284, -123.3656),'2023-10-06',0),
    (169,29,'Introducing a platform for virtual interior design workshops and DIY home decor tutorials, empowering homeowners to create beautiful spaces on a budget.','https://invitro.ca/api/multimedia/post169.jpg','2023-03-28',POINT(46.8139, -71.2080),'2023-03-28',0),
    (170,32,'Creating an online marketplace for buying, selling, and trading vintage and collectible comic books, connecting comic enthusiasts and collectors worldwide.','https://invitro.ca/api/multimedia/post170.jpg','2023-02-06',POINT(45.4215, -75.6919),'2023-02-22',0),
    (171,10,'Launching a digital platform for booking eco-friendly travel experiences and sustainable tourism adventures, promoting responsible travel practices and conservation efforts.','https://invitro.ca/api/multimedia/post171.jpg','2023-12-31',POINT(53.5461, -113.4938),'2023-12-31',0),
    (172,36,'Establishing a virtual reality meditation studio that offers immersive mindfulness experiences and guided meditation sessions for stress relief and relaxation.','https://invitro.ca/api/multimedia/post172.jpg','2023-12-07',POINT(49.8994, -97.1392),'2023-12-07',0),
    (173,41,'Developing a mobile app for plant care and gardening tips, providing personalized advice and reminders for watering, fertilizing, and pruning indoor and outdoor plants.','https://invitro.ca/api/multimedia/post173.jpg','2023-11-20',POINT(53.9333, -116.5765),'2023-11-20',0),
    (174,6,'Introducing a subscription-based meal delivery service that offers chef-prepared meals made with locally sourced and organic ingredients, providing convenient and healthy dining options.',null,'2023-11-19',POINT(42.9849, -81.2453),'2023-11-19',0),
    (175,9,null,'https://invitro.ca/api/multimedia/post175.jpg','2023-06-26',POINT(44.6488, -63.5752),'2023-06-26',0),
    (176,44,'Launching a digital platform for personalized nutrition coaching and meal planning, helping users achieve their health and wellness goals through customized dietary guidance.',null,'2023-12-04',POINT(43.6511, -79.3470),'2023-12-04',0),
    (177,45,'Establishing a virtual reality education platform that offers immersive learning experiences and interactive lessons across a wide range of subjects and disciplines.','https://invitro.ca/api/multimedia/post177.jpg','2023-08-16',POINT(49.2827, -123.1207),'2023-08-16',0),
    (178,27,'Developing a mobile app for carpooling and ride-sharing, providing an environmentally friendly and cost-effective alternative to traditional transportation methods.','https://invitro.ca/api/multimedia/post178.jpg','2023-07-30',POINT(45.4215, -75.6919),'2023-08-20',0),
    (179,42,'Introducing a platform for virtual interior design consultations, connecting homeowners with professional designers for personalized home decor advice and inspiration.',null,'2023-08-21',POINT(51.2538, -85.3232),'2023-09-02',0),
    (180,3,'Creating an online marketplace for buying, selling, and trading vintage and collectible vinyl records, connecting music enthusiasts and collectors worldwide.','https://invitro.ca/api/multimedia/post180.jpg','2023-12-05',POINT(48.4284, -123.3656),'2023-12-25',0),
    (181,18,'Launching a digital platform for booking outdoor adventures and nature tours, offering unique experiences in some of the world''s most breathtaking natural landscapes.',null,'2023-03-11',POINT(49.8994, -97.1392),'2023-03-11',0),
    (182,46,'Establishing a virtual reality fitness platform that offers immersive workout experiences and personalized training programs, motivating users to stay active and healthy.','https://invitro.ca/api/multimedia/post182.jpg','2023-06-21',POINT(53.5461, -113.4938),'2023-07-20',0),
    (183,23,'Developing a mobile app for mindfulness meditation and stress relief, providing guided meditation sessions and relaxation techniques for mental wellness and emotional balance.',null,'2023-08-19',POINT(46.8139, -71.2080),'2023-08-19',0),
    (184,13,'Introducing a subscription-based meal kit service that offers chef-curated recipes and pre-portioned ingredients, making home cooking easy, convenient, and delicious.','https://invitro.ca/api/multimedia/post184.jpg','2023-10-19',POINT(53.9333, -116.5765),'2023-10-19',0),
    (185,38,'Creating an online platform for buying, selling, and trading limited edition sneakers and streetwear, catering to sneakerheads and fashion enthusiasts worldwide.','https://invitro.ca/api/multimedia/post185.jpg','2023-10-02',POINT(48.4275, -123.3673),'2023-10-09',0),
    (186,24,'Launching a digital marketplace for handmade and artisanal candles, offering unique scents and designs for every occasion and decor style.',null,'2023-05-23',POINT(45.5017, -73.5673),'2023-05-23',0),
    (187,26,'Establishing a virtual reality travel agency that offers immersive travel experiences and destination simulations, allowing users to explore the world from the comfort of home.',null,'2023-11-21',POINT(44.6488, -63.5752),'2023-11-23',0),
    (188,47,'Developing a mobile app for language translation and interpretation, providing real-time translation services for travelers, students, and businesses.','https://invitro.ca/api/multimedia/post188.jpg','2023-02-24',POINT(43.6511, -79.3470),'2023-02-24',0),
    (189,15,'Introducing a platform for virtual personal training and fitness coaching, connecting users with certified trainers for personalized workout plans and support.',null,'2023-03-03',POINT(49.2827, -123.1207),'2023-03-03',0),
    (190,45,null,'https://invitro.ca/api/multimedia/post190.jpg','2023-08-16',null,'2023-08-28',0),
    (191,49,'Launching a digital platform for booking unique and unconventional accommodations, offering a curated selection of alternative lodging options for travelers.','https://invitro.ca/api/multimedia/post191.jpg','2023-07-02',POINT(45.4215, -75.6919),'2023-08-01',0),
    (192,34,'Establishing a virtual reality art gallery that offers immersive art experiences and exhibitions, showcasing the work of contemporary artists from around the world.',null,'2023-08-05',POINT(48.4284, -123.3656),'2023-08-05',0),
    (193,47,'Developing a mobile app for outdoor navigation and adventure planning, providing maps, trails, and tips for hiking, camping, and exploring the great outdoors.',null,'2023-03-07',POINT(53.9333, -116.5765),'2023-03-07',0),
    (194,30,'Introducing a subscription-based coffee delivery service that offers curated selections of premium coffees from around the world, delivered fresh to doorsteps every month.',null,'2023-09-03',POINT(46.8139, -71.2080),'2023-09-03',0),
    (195,38,'Creating an online platform for booking wellness experiences and holistic retreats, offering transformative journeys for mind, body, and soul.',null,'2023-09-29',POINT(49.8994, -97.1392),'2023-10-01',0),
    (196,38,'Launching a digital marketplace for buying, selling, and trading handmade and artisanal jewelry, offering unique pieces for every style and occasion.','https://invitro.ca/api/multimedia/post196.jpg','2023-09-29',POINT(53.5461, -113.4938),'2023-09-29',0),
    (197,15,'Establishing a virtual reality music festival platform that offers immersive concert experiences and live performances from top artists and bands.','https://invitro.ca/api/multimedia/post197.jpg','2023-02-25',POINT(42.9849, -81.2453),'2023-02-25',0),
    (198,21,'Developing a mobile app for mental health tracking and support, providing tools and resources for self-care, mood tracking, and therapy access.',null,'2023-05-08',POINT(44.6488, -63.5752),'2023-06-05',0),
    (199,32,'Introducing a platform for virtual interior design workshops and DIY home decor tutorials, empowering homeowners to create beautiful spaces on a budget.',null,'2023-02-06',POINT(43.6511, -79.3470),'2023-02-28',0),
    (200,41,'Creating an online marketplace for buying, selling, and trading vintage and collectible comic books, connecting comic enthusiasts and collectors worldwide.',null,'2023-10-31',POINT(49.2827, -123.1207),'2023-10-31',0);


    /* SYNTHETIC COMMENT DATA GENERATED USING OPEN AI CHATGPT 3.5 AND MICROSOFT EXCEL */
    INSERT INTO comment (comment_id, user_id, post_id, parent_comment, multimedia_url, comment, seen, location, comment_date, modified_date, deleted)
    VALUES
    (1,8,156,null,'https://invitro.ca/api/multimedia/comment1.jpg','The financial projections are conservative yet realistic.',1,POINT(49.2827, -123.1207),'2023-11-12','2023-11-12',0),
    (4,21,118,null,null,'The financial projections are conservative yet realistic.',1,null,'2023-04-28','2023-05-05',0),
    (5,4,22,null,null,'This proposal demonstrates a sophisticated understanding of data science.',1,POINT(49.8994, -97.1392),'2023-12-15','2023-12-19',0),
    (10,40,22,null,'https://invitro.ca/api/multimedia/comment10.jpg',null,1,POINT(42.9849, -81.2453),'2023-12-15','2023-12-19',0),
    (13,20,77,null,null,'This solution exhibits creativity and ingenuity in its design.',1,POINT(45.4215, -75.6919),'2023-08-31','2023-09-06',0),
    (14,28,63,null,null,'This proposal aligns well with current market trends.',0,POINT(53.5444, -113.4909),'2023-05-13','2023-05-23',0),
    (17,46,179,null,null,'This proposal aligns well with current market trends.',0,POINT(53.9333, -116.5765),'2023-11-14','2023-11-23',0),
    (18,17,27,null,'https://invitro.ca/api/multimedia/comment18.jpg','The data strategy outlined aligns well with organizational objectives.',1,POINT(48.4284, -123.3656),'2023-06-27','2023-07-02',0),
    (20,16,179,null,'https://invitro.ca/api/multimedia/comment20.jpg','I''m intrigued by the integration of emerging technologies in this proposal.',1,POINT(45.4215, -75.6919),'2023-11-09','2023-11-17',0),
    (21,35,189,null,null,'This project demonstrates proficiency in modern development methodologies.',1,POINT(53.5461, -113.4938),'2023-12-21','2023-12-24',0),
    (24,38,74,null,null,'The risk mitigation strategy appears comprehensive and well-considered.',1,POINT(42.9849, -81.2453),'2023-09-26','2023-10-03',0),
    (27,12,39,null,null,'This solution exhibits creativity and ingenuity in its design.',1,POINT(49.2827, -123.1207),'2023-11-08','2023-11-18',0),
    (29,14,153,null,null,'I''m impressed by the level of transparency in the financial disclosures.',1,POINT(51.2538, -85.3232),'2023-06-04','2023-06-11',1),
    (30,6,94,null,null,'The technological stack chosen is both efficient and scalable.',0,null,'2023-11-01','2023-11-09',0),
    (38,9,94,null,null,'The technological stack chosen is both efficient and scalable.',1,null,'2023-11-07','2023-11-09',0),
    (39,41,188,null,null,'This proposal demonstrates a sophisticated understanding of data science.',1,POINT(49.2827, -123.1207),'2023-11-03','2023-11-04',0),
    (41,27,60,null,null,'I''m excited by the potential for predictive analytics in this context.',1,POINT(45.4215, -75.6919),'2023-07-26','2023-07-27',0),
    (46,26,45,null,'https://invitro.ca/api/multimedia/comment46.jpg','The data collection methodology appears robust and reliable.',1,POINT(53.5461, -113.4938),'2023-11-13','2023-11-15',0),
    (47,25,178,null,'https://invitro.ca/api/multimedia/comment47.jpg',null,1,POINT(42.9849, -81.2453),'2023-05-24','2023-05-26',0),
    (49,21,163,null,'https://invitro.ca/api/multimedia/comment49.jpg','The valuation methodology employed seems appropriate and justified.',0,POINT(43.6511, -79.3470),'2023-09-11','2023-09-15',0),
    (50,18,112,null,null,'I''m fascinated by the depth of analysis applied to the dataset.',1,POINT(49.2827, -123.1207),'2023-11-05','2023-11-07',0),
    (51,5,143,null,'https://invitro.ca/api/multimedia/comment51.jpg','I commend the attention to detail in addressing potential security concerns.',1,POINT(49.2827, -123.1207),'2023-12-30','2023-12-30',0),
    (54,45,91,null,null,'The risk mitigation strategy appears comprehensive and well-considered.',1,POINT(43.6511, -79.3470),'2023-08-06','2023-08-07',0),
    (56,48,25,null,null,'There''s a clear demand for this product/service in the market.',1,POINT(46.8139, -71.2080),'2023-09-14','2023-09-21',0),
    (57,42,1,null,null,'This proposal demonstrates a sophisticated understanding of data science.',1,POINT(53.9333, -116.5765),'2023-07-28','2023-08-05',0),
    (58,7,183,null,'https://invitro.ca/api/multimedia/comment58.jpg','This financial plan reflects a deep understanding of market dynamics.',0,POINT(51.2538, -85.3232),'2023-10-12','2023-10-13',0),
    (59,11,80,null,'https://invitro.ca/api/multimedia/comment59.jpg','I''m impressed by the strategic approach outlined in this pitch.',1,POINT(48.4284, -123.3656),'2023-07-15','2023-07-19',0),
    (63,25,94,null,'https://invitro.ca/api/multimedia/comment63.jpg','The data governance framework outlined ensures data integrity and compliance.',1,POINT(45.4215, -75.6919),'2023-11-08','2023-11-13',0),
    (64,43,112,null,null,'I commend the attention to detail in addressing potential security concerns.',1,POINT(53.5444, -113.4909),'2023-11-02','2023-11-12',0),
    (65,41,112,null,'https://invitro.ca/api/multimedia/comment65.jpg','I commend the attention to detail in addressing potential security concerns.',0,POINT(49.2827, -123.1207),'2023-11-04','2023-11-13',0),
    (68,21,197,null,null,'This proposal aligns well with current market trends.',0,POINT(48.4284, -123.3656),'2023-04-27','2023-05-02',0),
    (69,47,91,null,null,'I commend the attention to detail in addressing potential security concerns.',1,POINT(46.8139, -71.2080),'2023-05-06','2023-05-12',0),
    (71,43,182,null,null,'The data visualization techniques used effectively communicate key findings.',1,POINT(53.5461, -113.4938),'2023-11-22','2023-11-30',0),
    (74,16,11,null,null,'The valuation methodology employed seems appropriate and justified.',1,POINT(42.9849, -81.2453),'2023-12-05','2023-12-11',0),
    (77,16,147,null,'https://invitro.ca/api/multimedia/comment77.jpg','This proposal demonstrates a sophisticated understanding of data science.',1,POINT(49.2827, -123.1207),'2023-10-02','2023-10-08',0),
    (79,6,83,null,null,'This financial plan reflects a deep understanding of market dynamics.',1,POINT(51.2538, -85.3232),'2023-11-03','2023-11-13',0),
    (81,12,108,null,null,'The revenue model seems sustainable and profitable.',1,POINT(49.8994, -97.1392),'2023-08-17','2023-08-20',0),
    (82,26,112,null,'https://invitro.ca/api/multimedia/comment82.jpg','The value proposition is compelling and addresses a real need.',0,POINT(53.5461, -113.4938),'2023-11-07','2023-11-12',0),
    (84,8,140,null,null,'The data-driven insights presented are actionable and impactful.',1,POINT(53.9333, -116.5765),'2023-09-14','2023-09-17',0),
    (86,17,49,null,'https://invitro.ca/api/multimedia/comment86.jpg','The value proposition is compelling and addresses a real need.',0,POINT(45.5017, -73.5673),'2023-11-01','2023-11-01',0),
    (87,5,104,null,'https://invitro.ca/api/multimedia/comment87.jpg','There''s a clear demand for this product/service in the market.',1,POINT(44.6488, -63.5752),'2023-11-20','2023-11-27',0),
    (88,43,53,null,null,'I''m encouraged by the diversity of revenue streams outlined in this plan.',1,null,'2023-04-25','2023-04-29',0),
    (92,10,55,null,'https://invitro.ca/api/multimedia/comment92.jpg','This project demonstrates proficiency in modern development methodologies.',1,POINT(48.4284, -123.3656),'2023-12-30','2023-12-30',0),
    (98,36,152,null,null,'The technical documentation is thorough and well-organized.',1,POINT(44.6488, -63.5752),'2023-11-16','2023-11-23',0),
    (99,25,149,null,'https://invitro.ca/api/multimedia/comment99.jpg','There''s a clear demand for this product/service in the market.',1,null,'2023-08-14','2023-08-19',0),
    (100,10,151,null,null,'The data strategy outlined aligns well with organizational objectives.',1,POINT(49.2827, -123.1207),'2023-12-31','2023-12-31',0),
    (101,49,56,null,'https://invitro.ca/api/multimedia/comment101.jpg','I see potential for scalability in this business model.',0,POINT(49.2827, -123.1207),'2023-06-20','2023-06-30',0),
    (102,24,112,null,'https://invitro.ca/api/multimedia/comment102.jpg',null,1,POINT(45.4215, -75.6919),'2023-11-02','2023-11-03',0),
    (104,9,78,null,'https://invitro.ca/api/multimedia/comment104.jpg','The risk mitigation strategy appears comprehensive and well-considered.',1,POINT(43.6511, -79.3470),'2023-06-08','2023-06-18',0),
    (106,21,85,null,null,'I''m impressed by the strategic approach outlined in this pitch.',1,POINT(46.8139, -71.2080),'2023-08-27','2023-09-01',1),
    (107,2,56,null,'https://invitro.ca/api/multimedia/comment107.jpg','This project demonstrates proficiency in modern development methodologies.',1,POINT(53.9333, -116.5765),'2023-08-10','2023-08-17',0),
    (108,34,19,null,'https://invitro.ca/api/multimedia/comment108.jpg','The financial model accounts for various scenarios and contingencies.',1,POINT(51.2538, -85.3232),'2023-07-28','2023-08-04',0),
    (121,1,22,null,null,'The financial projections are conservative yet realistic.',1,POINT(53.5461, -113.4938),'2023-12-17','2023-12-17',0),
    (122,4,92,null,'https://invitro.ca/api/multimedia/comment122.jpg','I''m excited by the potential for predictive analytics in this context.',1,POINT(49.8994, -97.1392),'2023-04-27','2023-05-07',0),
    (126,31,69,null,'https://invitro.ca/api/multimedia/comment126.jpg','This proposal demonstrates a sophisticated understanding of data science.',1,POINT(43.6511, -79.3470),'2023-06-06','2023-06-06',0),
    (133,32,112,null,null,'The valuation methodology employed seems appropriate and justified.',0,POINT(46.8139, -71.2080),'2023-11-06','2023-11-11',0),
    (134,5,28,null,null,'The financial projections are conservative yet realistic.',1,POINT(53.9333, -116.5765),'2023-08-14','2023-08-14',0),
    (135,12,54,null,'https://invitro.ca/api/multimedia/comment135.jpg','This project demonstrates proficiency in modern development methodologies.',1,POINT(48.4275, -123.3673),'2023-05-20','2023-05-29',0),
    (137,46,199,null,'https://invitro.ca/api/multimedia/comment137.jpg','The financial projections are conservative yet realistic.',1,POINT(44.6488, -63.5752),'2023-12-31','2023-12-31',0),
    (139,23,124,null,null,'The technology roadmap shows a clear path to implementation and growth.',1,POINT(49.2827, -123.1207),'2023-08-23','2023-09-02',0),
    (140,50,169,null,'https://invitro.ca/api/multimedia/comment140.jpg','The data-driven insights presented are actionable and impactful.',1,POINT(51.2538, -85.3232),'2023-02-26','2023-02-27',0),
    (141,22,190,null,'https://invitro.ca/api/multimedia/comment141.jpg','The data visualization techniques used effectively communicate key findings.',0,POINT(45.4215, -75.6919),'2023-05-12','2023-05-16',0),
    (142,13,102,null,'https://invitro.ca/api/multimedia/comment142.jpg','The financial projections are conservative yet realistic.',0,POINT(48.4284, -123.3656),'2023-10-25','2023-11-03',0),
    (143,39,16,null,'https://invitro.ca/api/multimedia/comment143.jpg','I commend the attention to detail in addressing potential security concerns.',1,POINT(53.9333, -116.5765),'2023-08-12','2023-08-20',0),
    (145,10,191,null,null,'The value proposition is compelling and addresses a real need.',1,POINT(49.8994, -97.1392),'2023-12-31','2023-12-31',0),
    (147,10,60,null,null,'This proposal presents a compelling case for return on investment.',0,POINT(42.9849, -81.2453),'2023-12-31','2023-12-31',0),
    (151,38,94,null,null,'The cash flow analysis demonstrates prudent financial management.',1,POINT(49.2827, -123.1207),'2023-11-01','2023-11-07',0),
    (152,7,94,null,'https://invitro.ca/api/multimedia/comment152.jpg','This financial plan reflects a deep understanding of market dynamics.',1,POINT(45.4215, -75.6919),'2023-11-02','2023-11-09',0),
    (153,38,98,null,null,'The data collection methodology appears robust and reliable.',1,POINT(53.5461, -113.4938),'2023-10-29','2023-11-01',0),
    (154,36,145,null,'https://invitro.ca/api/multimedia/comment154.jpg','The technical architecture is well-designed for future expansion.',1,POINT(43.6511, -79.3470),'2023-11-13','2023-11-17',0),
    (158,30,27,null,'https://invitro.ca/api/multimedia/comment158.jpg','The data strategy outlined aligns well with organizational objectives.',1,POINT(51.2538, -85.3232),'2023-08-18','2023-08-25',0),
    (161,48,88,null,null,'This proposal aligns well with current market trends.',1,POINT(44.6488, -63.5752),'2023-09-14','2023-09-15',0),
    (163,18,89,null,null,'This proposal demonstrates a sophisticated understanding of data science.',1,POINT(45.4215, -75.6919),'2023-08-31','2023-08-31',0),
    (164,41,68,null,null,'This business idea demonstrates innovation and forward thinking.',1,POINT(53.5444, -113.4909),'2023-11-07','2023-11-11',0),
    (166,44,130,null,null,'The technology roadmap shows a clear path to implementation and growth.',1,POINT(48.4275, -123.3673),'2023-11-12','2023-11-17',0),
    (167,36,18,null,null,'The data collection methodology appears robust and reliable.',1,POINT(53.9333, -116.5765),'2023-11-19','2023-11-23',0),
    (168,10,36,null,'https://invitro.ca/api/multimedia/comment168.jpg','The cash flow analysis demonstrates prudent financial management.',1,null,'2023-12-30','2023-12-31',0),
    (171,5,121,null,'https://invitro.ca/api/multimedia/comment171.jpg','This venture has the potential to attract significant investor interest.',1,POINT(53.5461, -113.4938),'2023-11-28','2023-11-30',0),
    (172,35,119,null,'https://invitro.ca/api/multimedia/comment172.jpg','The valuation methodology employed seems appropriate and justified.',1,POINT(49.8994, -97.1392),'2023-08-14','2023-08-17',0),
    (174,30,175,null,'https://invitro.ca/api/multimedia/comment174.jpg','The cash flow analysis demonstrates prudent financial management.',1,POINT(42.9849, -81.2453),'2023-11-07','2023-11-14',0),
    (176,10,147,null,'https://invitro.ca/api/multimedia/comment176.jpg',null,1,POINT(43.6511, -79.3470),'2023-12-31','2023-12-31',0),
    (179,10,185,null,'https://invitro.ca/api/multimedia/comment179.jpg','The cash flow analysis demonstrates prudent financial management.',1,null,'2023-12-31','2023-12-31',0),
    (181,46,94,null,null,'I''m encouraged by the diversity of revenue streams outlined in this plan.',1,POINT(49.8994, -97.1392),'2023-11-08','2023-11-10',0),
    (182,50,141,null,'https://invitro.ca/api/multimedia/comment182.jpg','I''m confident in the team''s ability to execute on this plan.',0,POINT(53.5461, -113.4938),'2023-06-23','2023-06-30',0),
    (183,23,97,null,'https://invitro.ca/api/multimedia/comment183.jpg','I''m excited by the potential for predictive analytics in this context.',1,POINT(46.8139, -71.2080),'2023-08-19','2023-08-23',0),
    (184,10,112,null,null,'This solution exhibits creativity and ingenuity in its design.',1,POINT(53.9333, -116.5765),'2023-12-31','2023-12-31',0),
    (188,44,112,null,null,'The value proposition is compelling and addresses a real need.',1,null,'2023-11-16','2023-11-22',0),
    (191,44,46,null,null,'This project showcases innovative applications of machine learning algorithms.',0,POINT(45.4215, -75.6919),'2023-11-14','2023-11-22',0),
    (193,9,31,null,null,'The technical documentation is thorough and well-organized.',1,POINT(53.9333, -116.5765),'2023-09-13','2023-09-19',0),
    (194,44,107,null,'https://invitro.ca/api/multimedia/comment194.jpg','I appreciate the focus on customer acquisition and retention.',0,POINT(46.8139, -71.2080),'2023-11-11','2023-11-12',0),
    (197,25,176,null,null,'The value proposition is compelling and addresses a real need.',1,POINT(42.9849, -81.2453),'2023-04-09','2023-04-15',0),
    (198,12,81,null,'https://invitro.ca/api/multimedia/comment198.jpg','The market analysis appears thorough and well-researched.',1,POINT(44.6488, -63.5752),'2023-04-08','2023-04-11',0),
    (199,18,30,null,null,'There''s a clear demand for this product/service in the market.',1,POINT(43.6511, -79.3470),'2023-11-24','2023-12-01',0),
    (200,3,114,null,null,'I''m impressed by the level of transparency in the financial disclosures.',1,POINT(49.2827, -123.1207),'2023-12-04','2023-12-10',0),
    (202,39,168,null,null,'The technology roadmap shows a clear path to implementation and growth.',1,POINT(45.4215, -75.6919),'2023-06-11','2023-06-17',0),
    (206,11,92,null,null,'The valuation methodology employed seems appropriate and justified.',1,POINT(46.8139, -71.2080),'2023-07-24','2023-07-27',0),
    (208,12,41,null,'https://invitro.ca/api/multimedia/comment208.jpg','The cash flow analysis demonstrates prudent financial management.',0,POINT(51.2538, -85.3232),'2023-04-12','2023-04-18',0),
    (210,43,18,null,null,'I''m impressed by the strategic approach outlined in this pitch.',1,POINT(42.9849, -81.2453),'2023-08-24','2023-09-03',0),
    (211,31,189,null,null,'The technical documentation is thorough and well-organized.',1,POINT(44.6488, -63.5752),'2023-12-20','2023-12-24',0),
    (212,39,40,null,null,'The technical architecture is well-designed for future expansion.',1,POINT(45.5017, -73.5673),'2023-06-09','2023-06-12',0),
    (214,46,129,null,null,'The financial model accounts for various scenarios and contingencies.',1,POINT(53.5444, -113.4909),'2023-07-18','2023-07-28',0),
    (215,47,107,null,'https://invitro.ca/api/multimedia/comment215.jpg','The value proposition is compelling and addresses a real need.',0,POINT(49.2827, -123.1207),'2023-05-16','2023-05-25',0),
    (217,12,75,null,null,'This solution leverages state-of-the-art technology to achieve its goals.',0,POINT(53.9333, -116.5765),'2023-04-25','2023-05-03',0),
    (218,36,155,null,null,'The revenue model seems sustainable and profitable.',1,POINT(48.4284, -123.3656),'2023-11-23','2023-11-27',0),
    (219,28,88,null,'https://invitro.ca/api/multimedia/comment219.jpg','The financial model accounts for various scenarios and contingencies.',1,POINT(46.8139, -71.2080),'2023-05-01','2023-05-10',0),
    (220,27,163,null,'https://invitro.ca/api/multimedia/comment220.jpg','The financial projections are conservative yet realistic.',1,POINT(45.4215, -75.6919),'2023-09-17','2023-09-27',0),
    (223,3,186,null,null,'The cash flow analysis demonstrates prudent financial management.',1,POINT(53.9333, -116.5765),'2023-11-17','2023-11-18',0),
    (224,41,196,null,null,'This project showcases innovative applications of machine learning algorithms.',1,POINT(42.9849, -81.2453),'2023-11-07','2023-11-08',0),
    (226,49,16,null,null,'The risk mitigation strategy appears comprehensive and well-considered.',0,POINT(43.6511, -79.3470),'2023-08-08','2023-08-14',0),
    (227,38,11,null,null,'This proposal demonstrates a sophisticated understanding of data science.',1,POINT(49.2827, -123.1207),'2023-12-04','2023-12-12',0),
    (228,34,58,null,'https://invitro.ca/api/multimedia/comment228.jpg','This proposal demonstrates a sophisticated understanding of data science.',1,POINT(45.4215, -75.6919),'2023-10-25','2023-11-01',0),
    (231,50,129,null,null,'This venture has the potential to attract significant investor interest.',0,POINT(49.8994, -97.1392),'2023-07-22','2023-07-22',0),
    (232,2,16,null,'https://invitro.ca/api/multimedia/comment232.jpg','I''m impressed by the level of transparency in the financial disclosures.',1,POINT(53.5461, -113.4938),'2023-08-13','2023-08-14',0),
    (239,39,142,null,'https://invitro.ca/api/multimedia/comment239.jpg','This proposal demonstrates a sophisticated understanding of data science.',1,POINT(49.2827, -123.1207),'2023-06-12','2023-06-12',0),
    (240,34,78,null,'https://invitro.ca/api/multimedia/comment240.jpg','I appreciate the focus on customer acquisition and retention.',1,POINT(51.2538, -85.3232),'2023-08-01','2023-08-04',0),
    (242,22,76,null,null,'The market analysis appears thorough and well-researched.',1,POINT(48.4284, -123.3656),'2023-05-21','2023-05-21',0),
    (244,6,17,null,'https://invitro.ca/api/multimedia/comment244.jpg','I''m encouraged by the diversity of revenue streams outlined in this plan.',1,POINT(46.8139, -71.2080),'2023-10-30','2023-11-04',0),
    (245,9,80,null,null,'The user experience design appears intuitive and user-friendly.',0,POINT(49.8994, -97.1392),'2023-06-04','2023-06-07',0),
    (247,18,186,null,null,'The data-driven insights presented are actionable and impactful.',1,POINT(42.9849, -81.2453),'2023-03-10','2023-03-19',0),
    (249,35,61,null,'https://invitro.ca/api/multimedia/comment249.jpg','This solution leverages state-of-the-art technology to achieve its goals.',1,POINT(43.6511, -79.3470),'2023-05-02','2023-05-02',0),
    (252,46,44,null,'https://invitro.ca/api/multimedia/comment252.jpg','There''s a clear demand for this product/service in the market.',1,POINT(45.4215, -75.6919),'2023-08-25','2023-08-28',0),
    (254,27,94,null,'https://invitro.ca/api/multimedia/comment254.jpg','The data governance framework outlined ensures data integrity and compliance.',1,POINT(43.6511, -79.3470),'2023-11-07','2023-11-08',0),
    (255,31,112,null,null,'The value proposition is compelling and addresses a real need.',1,POINT(49.8994, -97.1392),'2023-11-05','2023-11-07',0),
    (257,11,145,null,null,'The technological stack chosen is both efficient and scalable.',1,POINT(53.9333, -116.5765),'2023-07-22','2023-07-24',0),
    (260,41,95,null,null,'There''s a clear demand for this product/service in the market.',1,POINT(42.9849, -81.2453),'2023-11-28','2023-11-30',0),
    (261,14,145,null,'https://invitro.ca/api/multimedia/comment261.jpg','The technical architecture is well-designed for future expansion.',1,POINT(44.6488, -63.5752),'2023-06-03','2023-06-07',0),
    (271,50,123,null,'https://invitro.ca/api/multimedia/comment271.jpg','The data collection methodology appears robust and reliable.',1,POINT(53.5461, -113.4938),'2023-10-23','2023-10-28',0),
    (273,20,105,null,'https://invitro.ca/api/multimedia/comment273.jpg','This project demonstrates proficiency in modern development methodologies.',1,POINT(53.9333, -116.5765),'2023-07-11','2023-07-14',0),
    (274,39,135,null,null,'There''s a clear demand for this product/service in the market.',0,POINT(42.9849, -81.2453),'2023-12-31','2023-12-31',0),
    (275,3,94,null,'https://invitro.ca/api/multimedia/comment275.jpg','I see potential for scalability in this business model.',1,POINT(44.6488, -63.5752),'2023-11-18','2023-11-28',0),
    (277,18,198,null,'https://invitro.ca/api/multimedia/comment277.jpg',null,1,null,'2023-03-03','2023-03-08',0),
    (278,10,40,null,null,'I''m encouraged by the diversity of revenue streams outlined in this plan.',1,POINT(45.4215, -75.6919),'2023-12-31','2023-12-31',0),
    (279,47,88,null,'https://invitro.ca/api/multimedia/comment279.jpg','I''m fascinated by the depth of analysis applied to the dataset.',1,POINT(51.2538, -85.3232),'2023-04-28','2023-05-08',0),
    (280,2,28,null,null,'The data governance framework outlined ensures data integrity and compliance.',1,POINT(48.4284, -123.3656),'2023-08-20','2023-08-21',0),
    (282,13,66,null,null,'I''m confident in the team''s ability to execute on this plan.',1,POINT(53.5461, -113.4938),'2023-10-20','2023-10-22',0),
    (283,18,160,null,'https://invitro.ca/api/multimedia/comment283.jpg','The technological stack chosen is both efficient and scalable.',0,POINT(46.8139, -71.2080),'2023-07-17','2023-07-17',0),
    (285,4,49,null,'https://invitro.ca/api/multimedia/comment285.jpg',null,0,POINT(48.4275, -123.3673),'2023-10-31','2023-11-03',0),
    (286,33,25,null,'https://invitro.ca/api/multimedia/comment286.jpg','The technical documentation is thorough and well-organized.',1,POINT(45.5017, -73.5673),'2023-10-11','2023-10-17',0),
    (287,4,175,null,'https://invitro.ca/api/multimedia/comment287.jpg','There''s a clear demand for this product/service in the market.',1,POINT(44.6488, -63.5752),'2023-11-02','2023-11-08',0),
    (288,20,123,null,'https://invitro.ca/api/multimedia/comment288.jpg','The data governance framework outlined ensures data integrity and compliance.',1,POINT(43.6511, -79.3470),'2023-10-29','2023-10-29',0),
    (291,35,87,null,'https://invitro.ca/api/multimedia/comment291.jpg','I''m intrigued by the integration of emerging technologies in this proposal.',1,POINT(45.4215, -75.6919),'2023-09-16','2023-09-18',0),
    (295,24,161,null,'https://invitro.ca/api/multimedia/comment295.jpg','The risk mitigation strategy appears comprehensive and well-considered.',0,POINT(49.8994, -97.1392),'2023-10-25','2023-10-25',0),
    (296,1,71,null,'https://invitro.ca/api/multimedia/comment296.jpg','I''m confident in the team''s ability to execute on this plan.',1,POINT(53.5461, -113.4938),'2023-05-12','2023-05-19',0),
    (297,12,129,null,null,'This business idea demonstrates innovation and forward thinking.',0,POINT(42.9849, -81.2453),'2023-07-19','2023-07-26',0),
    (298,39,19,null,'https://invitro.ca/api/multimedia/comment298.jpg','The financial projections are conservative yet realistic.',0,POINT(44.6488, -63.5752),'2023-06-16','2023-06-25',0),
    (299,26,62,null,'https://invitro.ca/api/multimedia/comment299.jpg','The technical documentation is thorough and well-organized.',0,POINT(43.6511, -79.3470),'2023-10-27','2023-10-29',0),
    (302,7,90,null,'https://invitro.ca/api/multimedia/comment302.jpg','The technical architecture is well-designed for future expansion.',1,POINT(45.4215, -75.6919),'2023-10-04','2023-10-09',1),
    (305,22,31,null,'https://invitro.ca/api/multimedia/comment305.jpg','The market analysis appears thorough and well-researched.',1,POINT(49.8994, -97.1392),'2023-09-15','2023-09-22',0),
    (307,25,142,null,'https://invitro.ca/api/multimedia/comment307.jpg','I''m excited by the potential for predictive analytics in this context.',1,POINT(53.9333, -116.5765),'2023-05-02','2023-05-06',0),
    (309,30,127,null,'https://invitro.ca/api/multimedia/comment309.jpg','The financial projections are conservative yet realistic.',1,POINT(48.4284, -123.3656),'2023-08-27','2023-08-27',0),
    (311,31,137,null,null,'The risk mitigation strategy appears comprehensive and well-considered.',1,POINT(44.6488, -63.5752),'2023-05-10','2023-05-14',0),
    (312,49,112,null,'https://invitro.ca/api/multimedia/comment312.jpg',null,1,POINT(45.5017, -73.5673),'2023-11-11','2023-11-21',0),
    (313,21,188,null,null,'The financial model accounts for various scenarios and contingencies.',1,POINT(45.4215, -75.6919),'2023-04-25','2023-04-25',0),
    (314,1,198,null,'https://invitro.ca/api/multimedia/comment314.jpg','The data governance framework outlined ensures data integrity and compliance.',1,null,'2023-05-13','2023-05-14',0),
    (315,7,127,null,null,'This project demonstrates proficiency in modern development methodologies.',1,POINT(49.2827, -123.1207),'2023-08-21','2023-08-26',0),
    (319,12,107,null,'https://invitro.ca/api/multimedia/comment319.jpg','This proposal aligns well with current market trends.',1,POINT(46.8139, -71.2080),'2023-05-16','2023-05-25',0),
    (322,37,66,null,null,'The market analysis appears thorough and well-researched.',0,POINT(49.8994, -97.1392),'2023-08-24','2023-09-02',0),
    (324,22,21,null,null,'This business idea demonstrates innovation and forward thinking.',1,POINT(42.9849, -81.2453),'2023-07-09','2023-07-11',0),
    (329,19,186,null,'https://invitro.ca/api/multimedia/comment329.jpg','I''m fascinated by the depth of analysis applied to the dataset.',1,POINT(51.2538, -85.3232),'2023-12-08','2023-12-16',0),
    (330,7,13,null,'https://invitro.ca/api/multimedia/comment330.jpg','I''m impressed by the level of transparency in the financial disclosures.',1,POINT(48.4284, -123.3656),'2023-02-14','2023-02-16',0),
    (333,4,79,null,'https://invitro.ca/api/multimedia/comment333.jpg','The data collection methodology appears robust and reliable.',1,POINT(46.8139, -71.2080),'2023-10-06','2023-10-09',0),
    (335,13,114,null,null,'The data-driven insights presented are actionable and impactful.',1,POINT(48.4275, -123.3673),'2023-11-25','2023-12-05',0),
    (336,22,30,null,null,'The technical architecture is well-designed for future expansion.',1,POINT(45.5017, -73.5673),'2023-11-24','2023-11-25',0),
    (338,8,19,null,null,'This proposal presents a compelling case for return on investment.',1,POINT(43.6511, -79.3470),'2023-09-14','2023-09-20',0),
    (342,13,83,null,null,'The valuation methodology employed seems appropriate and justified.',1,POINT(48.4284, -123.3656),'2023-10-19','2023-10-26',0),
    (346,25,185,null,null,'This business idea demonstrates innovation and forward thinking.',0,POINT(53.5461, -113.4938),'2023-02-05','2023-02-05',0),
    (348,12,46,null,null,'The technical documentation is thorough and well-organized.',1,POINT(44.6488, -63.5752),'2023-06-14','2023-06-19',0),
    (349,6,54,null,'https://invitro.ca/api/multimedia/comment349.jpg','This proposal presents a compelling case for return on investment.',1,POINT(43.6511, -79.3470),'2023-11-07','2023-11-11',0),
    (350,33,63,null,null,'The market analysis appears thorough and well-researched.',1,POINT(49.2827, -123.1207),'2023-10-09','2023-10-17',0),
    (351,18,198,null,'https://invitro.ca/api/multimedia/comment351.jpg','The data strategy outlined aligns well with organizational objectives.',1,POINT(49.2827, -123.1207),'2023-03-04','2023-03-14',0),
    (353,39,112,null,null,'I''m intrigued by the integration of emerging technologies in this proposal.',1,POINT(53.5461, -113.4938),'2023-11-11','2023-11-18',0),
    (355,8,156,null,null,'The technology roadmap shows a clear path to implementation and growth.',1,POINT(49.8994, -97.1392),'2023-11-12','2023-11-15',0),
    (357,8,163,null,null,'I''m impressed by the strategic approach outlined in this pitch.',1,POINT(53.9333, -116.5765),'2023-09-11','2023-09-15',0),
    (358,27,168,null,null,'This project showcases innovative applications of machine learning algorithms.',1,POINT(51.2538, -85.3232),'2023-07-22','2023-07-23',0),
    (359,48,66,null,null,'I''m fascinated by the depth of analysis applied to the dataset.',0,POINT(48.4284, -123.3656),'2023-09-16','2023-09-19',0),
    (361,6,74,null,'https://invitro.ca/api/multimedia/comment361.jpg','The data governance framework outlined ensures data integrity and compliance.',1,POINT(44.6488, -63.5752),'2023-10-29','2023-11-02',0),
    (363,48,146,null,'https://invitro.ca/api/multimedia/comment363.jpg','The data-driven insights presented are actionable and impactful.',1,POINT(45.4215, -75.6919),'2023-09-16','2023-09-16',0),
    (367,42,127,null,null,'I''m encouraged by the diversity of revenue streams outlined in this plan.',1,POINT(53.9333, -116.5765),'2023-08-20','2023-08-21',0),
    (368,15,36,null,'https://invitro.ca/api/multimedia/comment368.jpg','The data-driven insights presented are actionable and impactful.',1,POINT(48.4284, -123.3656),'2023-06-24','2023-06-30',0),
    (369,36,171,null,null,'The value proposition is compelling and addresses a real need.',0,POINT(46.8139, -71.2080),'2023-11-19','2023-11-26',0),
    (372,12,135,null,'https://invitro.ca/api/multimedia/comment372.jpg','This business idea demonstrates innovation and forward thinking.',0,POINT(49.8994, -97.1392),'2023-12-30','2023-12-30',0),
    (375,19,25,null,null,'This solution exhibits creativity and ingenuity in its design.',0,POINT(44.6488, -63.5752),'2023-12-06','2023-12-10',0),
    (377,48,94,null,'https://invitro.ca/api/multimedia/comment377.jpg','The value proposition is compelling and addresses a real need.',1,POINT(49.2827, -123.1207),'2023-11-08','2023-11-09',0),
    (378,18,3,null,'https://invitro.ca/api/multimedia/comment378.jpg',null,1,POINT(45.4215, -75.6919),'2023-05-19','2023-05-19',0),
    (380,41,156,null,'https://invitro.ca/api/multimedia/comment380.jpg','This solution leverages state-of-the-art technology to achieve its goals.',1,POINT(48.4284, -123.3656),'2023-11-11','2023-11-11',0),
    (381,38,112,null,'https://invitro.ca/api/multimedia/comment381.jpg','The data strategy outlined aligns well with organizational objectives.',1,POINT(49.8994, -97.1392),'2023-11-04','2023-11-05',0),
    (384,34,21,null,null,'There''s a clear demand for this product/service in the market.',1,POINT(53.9333, -116.5765),'2023-07-31','2023-08-05',0),
    (386,7,196,null,null,'The cash flow analysis demonstrates prudent financial management.',1,POINT(45.5017, -73.5673),'2023-09-02','2023-09-08',0),
    (397,5,177,null,'https://invitro.ca/api/multimedia/comment397.jpg','This business idea demonstrates innovation and forward thinking.',1,POINT(42.9849, -81.2453),'2023-07-26','2023-07-27',0),
    (398,35,165,null,'https://invitro.ca/api/multimedia/comment398.jpg','The data visualization techniques used effectively communicate key findings.',1,POINT(44.6488, -63.5752),'2023-11-11','2023-11-15',0),
    (399,4,33,null,'https://invitro.ca/api/multimedia/comment399.jpg','The financial projections are conservative yet realistic.',1,POINT(43.6511, -79.3470),'2023-05-29','2023-06-04',0),
    (401,33,140,null,null,'I''m fascinated by the depth of analysis applied to the dataset.',1,null,'2023-10-08','2023-10-14',1),
    (404,8,120,null,'https://invitro.ca/api/multimedia/comment404.jpg','The financial model accounts for various scenarios and contingencies.',1,POINT(43.6511, -79.3470),'2023-09-25','2023-09-27',0),
    (406,19,56,null,null,'The data-driven insights presented are actionable and impactful.',1,null,'2023-12-06','2023-12-09',0),
    (408,24,136,null,null,'The technological stack chosen is both efficient and scalable.',1,POINT(51.2538, -85.3232),'2023-10-13','2023-10-21',0),
    (411,34,53,null,null,'The valuation methodology employed seems appropriate and justified.',1,POINT(44.6488, -63.5752),'2023-08-01','2023-08-11',0),
    (412,45,2,null,null,'I appreciate the focus on customer acquisition and retention.',0,POINT(45.5017, -73.5673),'2023-09-10','2023-09-17',0),
    (413,34,147,null,null,'The technical documentation is thorough and well-organized.',0,POINT(45.4215, -75.6919),'2023-07-31','2023-08-04',0),
    (418,45,50,null,'https://invitro.ca/api/multimedia/comment418.jpg','I''m intrigued by the integration of emerging technologies in this proposal.',0,POINT(48.4284, -123.3656),'2023-08-24','2023-08-27',0),
    (419,50,112,null,null,'This venture has the potential to attract significant investor interest.',1,POINT(46.8139, -71.2080),'2023-11-08','2023-11-15',0),
    (422,44,78,null,null,'The data visualization techniques used effectively communicate key findings.',1,POINT(49.8994, -97.1392),'2023-11-18','2023-11-25',0),
    (425,50,142,null,null,'The data strategy outlined aligns well with organizational objectives.',1,POINT(44.6488, -63.5752),'2023-05-04','2023-05-05',0),
    (427,29,6,null,null,'The technical documentation is thorough and well-organized.',1,POINT(49.2827, -123.1207),'2023-12-07','2023-12-07',0),
    (430,49,191,null,'https://invitro.ca/api/multimedia/comment430.jpg','I see potential for scalability in this business model.',1,POINT(48.4284, -123.3656),'2023-06-15','2023-06-22',0),
    (432,5,46,null,'https://invitro.ca/api/multimedia/comment432.jpg','This venture has the potential to attract significant investor interest.',1,POINT(53.5461, -113.4938),'2023-07-21','2023-07-24',0),
    (433,29,26,null,'https://invitro.ca/api/multimedia/comment433.jpg','The technology roadmap shows a clear path to implementation and growth.',0,POINT(46.8139, -71.2080),'2023-06-11','2023-06-16',0),
    (435,31,199,null,null,'The valuation methodology employed seems appropriate and justified.',1,null,'2023-12-31','2023-12-31',0),
    (439,22,112,null,'https://invitro.ca/api/multimedia/comment439.jpg','The technological stack chosen is both efficient and scalable.',1,POINT(49.2827, -123.1207),'2023-11-02','2023-11-11',0),
    (440,13,154,null,null,'The revenue model seems sustainable and profitable.',1,POINT(51.2538, -85.3232),'2023-10-21','2023-10-25',0),
    (441,8,134,null,null,'I commend the attention to detail in addressing potential security concerns.',1,POINT(45.4215, -75.6919),'2023-10-18','2023-10-23',0),
    (442,17,66,null,null,'This financial plan reflects a deep understanding of market dynamics.',1,POINT(48.4284, -123.3656),'2023-08-27','2023-08-29',0),
    (443,44,104,null,null,'The risk mitigation strategy appears comprehensive and well-considered.',1,POINT(53.9333, -116.5765),'2023-11-22','2023-11-28',0),
    (444,22,87,null,'https://invitro.ca/api/multimedia/comment444.jpg','I''m impressed by the strategic approach outlined in this pitch.',1,POINT(46.8139, -71.2080),'2023-09-18','2023-09-23',1),
    (447,23,141,null,null,'I''m confident in the team''s ability to execute on this plan.',1,POINT(42.9849, -81.2453),'2023-08-17','2023-08-26',0),
    (448,19,60,null,'https://invitro.ca/api/multimedia/comment448.jpg','The risk mitigation strategy appears comprehensive and well-considered.',1,POINT(44.6488, -63.5752),'2023-12-03','2023-12-11',0),
    (450,1,82,null,'https://invitro.ca/api/multimedia/comment450.jpg','I appreciate the emphasis on ethical considerations in handling sensitive data.',1,POINT(49.2827, -123.1207),'2023-06-12','2023-06-19',0),
    (451,36,118,null,null,'The data governance framework outlined ensures data integrity and compliance.',1,POINT(49.2827, -123.1207),'2023-11-21','2023-11-21',0),
    (452,30,143,null,'https://invitro.ca/api/multimedia/comment452.jpg','This project demonstrates proficiency in modern development methodologies.',1,POINT(45.4215, -75.6919),'2023-12-31','2023-12-31',0),
    (453,22,31,null,'https://invitro.ca/api/multimedia/comment453.jpg','I''m confident in the team''s ability to execute on this plan.',1,POINT(53.5461, -113.4938),'2023-09-13','2023-09-13',0),
    (454,33,91,null,'https://invitro.ca/api/multimedia/comment454.jpg','I''m fascinated by the depth of analysis applied to the dataset.',1,POINT(43.6511, -79.3470),'2023-10-08','2023-10-13',0),
    (456,17,112,null,null,'The technology roadmap shows a clear path to implementation and growth.',1,POINT(46.8139, -71.2080),'2023-11-12','2023-11-15',0),
    (459,14,94,null,'https://invitro.ca/api/multimedia/comment459.jpg','The data governance framework outlined ensures data integrity and compliance.',0,POINT(48.4284, -123.3656),'2023-11-05','2023-11-10',0),
    (465,4,188,null,null,'I''m confident in the team''s ability to execute on this plan.',1,POINT(49.2827, -123.1207),'2023-05-03','2023-05-09',0),
    (467,10,92,null,null,'There''s a clear demand for this product/service in the market.',1,POINT(53.9333, -116.5765),'2023-12-30','2023-12-31',0),
    (468,36,157,null,null,'The technological stack chosen is both efficient and scalable.',0,POINT(48.4284, -123.3656),'2023-11-13','2023-11-16',0),
    (469,34,45,null,'https://invitro.ca/api/multimedia/comment469.jpg',null,0,POINT(46.8139, -71.2080),'2023-11-16','2023-11-17',0),
    (471,16,102,null,'https://invitro.ca/api/multimedia/comment471.jpg','I''m impressed by the level of transparency in the financial disclosures.',1,POINT(53.5461, -113.4938),'2023-09-30','2023-10-10',0),
    (472,3,47,null,null,'This proposal presents a compelling case for return on investment.',1,POINT(49.8994, -97.1392),'2023-11-27','2023-11-29',0),
    (476,48,64,null,null,'I''m impressed by the strategic approach outlined in this pitch.',1,POINT(43.6511, -79.3470),'2023-09-22','2023-09-25',0),
    (478,32,105,null,'https://invitro.ca/api/multimedia/comment478.jpg','This financial plan reflects a deep understanding of market dynamics.',1,POINT(45.4215, -75.6919),'2023-03-20','2023-03-25',0),
    (480,49,68,null,null,'I commend the attention to detail in addressing potential security concerns.',1,POINT(48.4284, -123.3656),'2023-09-03','2023-09-03',0),
    (481,34,57,null,'https://invitro.ca/api/multimedia/comment481.jpg','This venture has the potential to attract significant investor interest.',0,POINT(49.8994, -97.1392),'2023-11-18','2023-11-26',0),
    (483,14,158,null,null,'The data strategy outlined aligns well with organizational objectives.',1,null,'2023-05-30','2023-06-05',0),
    (484,3,136,null,'https://invitro.ca/api/multimedia/comment484.jpg','The data strategy outlined aligns well with organizational objectives.',1,POINT(53.9333, -116.5765),'2023-11-17','2023-11-21',0),
    (485,39,95,null,'https://invitro.ca/api/multimedia/comment485.jpg','The cash flow analysis demonstrates prudent financial management.',1,POINT(48.4275, -123.3673),'2023-11-22','2023-11-25',0),
    (486,32,26,null,'https://invitro.ca/api/multimedia/comment486.jpg','I appreciate the focus on customer acquisition and retention.',0,POINT(45.5017, -73.5673),'2023-06-09','2023-06-19',0),
    (488,6,80,null,'https://invitro.ca/api/multimedia/comment488.jpg','I''m fascinated by the depth of analysis applied to the dataset.',0,POINT(43.6511, -79.3470),'2023-10-31','2023-11-07',0),
    (489,35,150,null,'https://invitro.ca/api/multimedia/comment489.jpg','This proposal aligns well with current market trends.',1,POINT(49.2827, -123.1207),'2023-10-26','2023-11-02',0),
    (490,13,114,null,null,'The valuation methodology employed seems appropriate and justified.',1,POINT(51.2538, -85.3232),'2023-12-03','2023-12-12',0),
    (493,31,143,null,null,'The user experience design appears intuitive and user-friendly.',0,POINT(53.9333, -116.5765),'2023-12-31','2023-12-31',0),
    (494,6,121,null,'https://invitro.ca/api/multimedia/comment494.jpg','The data-driven insights presented are actionable and impactful.',1,POINT(46.8139, -71.2080),'2023-11-23','2023-11-25',0),
    (496,50,95,null,'https://invitro.ca/api/multimedia/comment496.jpg','This solution exhibits creativity and ingenuity in its design.',1,POINT(53.5461, -113.4938),'2023-11-28','2023-12-01',0),
    (499,9,16,null,'https://invitro.ca/api/multimedia/comment499.jpg','I''m encouraged by the diversity of revenue streams outlined in this plan.',1,POINT(43.6511, -79.3470),'2023-08-14','2023-08-23',0),
    (2,37,1,57,'https://invitro.ca/api/multimedia/comment2.jpg','I''m fascinated by the depth of analysis applied to the dataset.',0,POINT(45.4215, -75.6919),'2023-04-17','2023-04-27',0),
    (3,43,102,142,null,'The data visualization techniques used effectively communicate key findings.',1,POINT(53.5461, -113.4938),'2023-06-26','2023-07-03',1),
    (6,12,102,471,null,'The data strategy outlined aligns well with organizational objectives.',0,POINT(46.8139, -71.2080),'2023-07-03','2023-07-04',0),
    (7,32,104,87,null,'The data-driven insights presented are actionable and impactful.',1,POINT(53.9333, -116.5765),'2023-11-21','2023-11-22',1),
    (8,48,104,443,'https://invitro.ca/api/multimedia/comment8.jpg','The data strategy outlined aligns well with organizational objectives.',1,POINT(51.2538, -85.3232),'2023-11-24','2023-12-01',0),
    (9,34,105,273,null,'This project demonstrates proficiency in modern development methodologies.',1,POINT(48.4284, -123.3656),'2023-07-30','2023-07-31',0),
    (11,6,105,478,'https://invitro.ca/api/multimedia/comment11.jpg','This proposal demonstrates a sophisticated understanding of data science.',1,null,'2023-11-06','2023-11-10',0),
    (12,47,107,194,null,'The cash flow analysis demonstrates prudent financial management.',1,POINT(45.5017, -73.5673),'2023-05-20','2023-05-26',0),
    (15,38,107,215,'https://invitro.ca/api/multimedia/comment15.jpg','I''m excited by the potential for predictive analytics in this context.',1,POINT(49.2827, -123.1207),'2023-09-23','2023-10-02',0),
    (16,4,107,319,'https://invitro.ca/api/multimedia/comment16.jpg','I''m encouraged by the diversity of revenue streams outlined in this plan.',1,POINT(48.4275, -123.3673),'2023-05-12','2023-05-12',0),
    (19,33,108,81,'https://invitro.ca/api/multimedia/comment19.jpg','This project showcases innovative applications of machine learning algorithms.',1,POINT(46.8139, -71.2080),'2023-10-06','2023-10-11',0),
    (22,33,11,74,null,'I''m encouraged by the diversity of revenue streams outlined in this plan.',0,POINT(49.8994, -97.1392),'2023-11-30','2023-12-02',0),
    (23,38,11,227,null,'There''s a clear demand for this product/service in the market.',1,POINT(53.9333, -116.5765),'2023-12-07','2023-12-07',0),
    (25,25,112,64,null,'The data visualization techniques used effectively communicate key findings.',1,POINT(44.6488, -63.5752),'2023-11-10','2023-11-15',0),
    (26,48,112,184,'https://invitro.ca/api/multimedia/comment26.jpg',null,1,POINT(43.6511, -79.3470),'2023-11-06','2023-11-15',0),
    (28,2,112,188,'https://invitro.ca/api/multimedia/comment28.jpg','This project showcases innovative applications of machine learning algorithms.',1,POINT(45.4215, -75.6919),'2023-11-07','2023-11-14',0),
    (31,8,112,456,null,'There''s a clear demand for this product/service in the market.',1,POINT(49.8994, -97.1392),'2023-11-07','2023-11-16',0),
    (32,11,114,200,'https://invitro.ca/api/multimedia/comment32.jpg','The technological stack chosen is both efficient and scalable.',1,POINT(53.5461, -113.4938),'2023-11-27','2023-12-07',0),
    (33,14,114,335,'https://invitro.ca/api/multimedia/comment33.jpg','This proposal aligns well with current market trends.',1,POINT(46.8139, -71.2080),'2023-12-05','2023-12-14',0),
    (34,29,114,490,null,'This solution exhibits creativity and ingenuity in its design.',1,POINT(53.9333, -116.5765),'2023-12-05','2023-12-09',0),
    (35,48,118,4,null,'The technological stack chosen is both efficient and scalable.',1,POINT(48.4275, -123.3673),'2023-09-14','2023-09-14',0),
    (36,39,118,451,null,'The data strategy outlined aligns well with organizational objectives.',1,null,'2023-06-16','2023-06-19',0),
    (37,46,119,172,null,'This business idea demonstrates innovation and forward thinking.',1,POINT(44.6488, -63.5752),'2023-08-11','2023-08-16',0),
    (40,49,120,404,'https://invitro.ca/api/multimedia/comment40.jpg','This proposal aligns well with current market trends.',1,POINT(51.2538, -85.3232),'2023-09-19','2023-09-21',0),
    (42,46,121,171,'https://invitro.ca/api/multimedia/comment42.jpg','I''m encouraged by the diversity of revenue streams outlined in this plan.',0,POINT(48.4284, -123.3656),'2023-11-20','2023-11-21',0),
    (43,42,121,494,null,'The data governance framework outlined ensures data integrity and compliance.',1,POINT(53.9333, -116.5765),'2023-11-24','2023-11-28',0),
    (44,43,123,271,null,'I''m impressed by the level of transparency in the financial disclosures.',1,POINT(46.8139, -71.2080),'2023-10-24','2023-10-31',0),
    (45,32,123,288,null,'There''s a clear demand for this product/service in the market.',0,POINT(49.8994, -97.1392),'2023-10-26','2023-11-03',0),
    (48,48,124,139,null,'There''s a clear demand for this product/service in the market.',1,POINT(44.6488, -63.5752),'2023-09-19','2023-09-25',0),
    (52,26,112,65,'https://invitro.ca/api/multimedia/comment52.jpg','The data collection methodology appears robust and reliable.',0,POINT(45.4215, -75.6919),'2023-11-08','2023-11-15',0),
    (53,45,112,312,null,'This proposal demonstrates a sophisticated understanding of data science.',1,POINT(53.5461, -113.4938),'2023-11-05','2023-11-08',0),
    (55,7,127,309,null,'This solution exhibits creativity and ingenuity in its design.',1,POINT(49.8994, -97.1392),'2023-08-30','2023-09-06',0),
    (60,2,127,315,null,'I''m fascinated by the depth of analysis applied to the dataset.',1,POINT(42.9849, -81.2453),'2023-08-29','2023-09-05',0),
    (61,25,127,367,'https://invitro.ca/api/multimedia/comment61.jpg','I commend the attention to detail in addressing potential security concerns.',1,POINT(44.6488, -63.5752),'2023-08-25','2023-08-29',0),
    (62,9,129,214,null,'The valuation methodology employed seems appropriate and justified.',1,POINT(45.5017, -73.5673),'2023-07-22','2023-07-26',0),
    (66,45,129,231,'https://invitro.ca/api/multimedia/comment66.jpg','This proposal presents a compelling case for return on investment.',1,POINT(48.4275, -123.3673),'2023-08-09','2023-08-18',0),
    (67,21,129,297,null,'This proposal aligns well with current market trends.',1,POINT(53.9333, -116.5765),'2023-07-15','2023-07-22',0),
    (70,19,13,330,'https://invitro.ca/api/multimedia/comment70.jpg','The value proposition is compelling and addresses a real need.',1,POINT(45.4215, -75.6919),'2023-12-01','2023-12-06',0),
    (72,22,130,166,'https://invitro.ca/api/multimedia/comment72.jpg','This proposal aligns well with current market trends.',1,POINT(49.8994, -97.1392),'2023-11-10','2023-11-16',0),
    (73,8,112,133,null,'This business idea demonstrates innovation and forward thinking.',0,POINT(53.9333, -116.5765),'2023-11-02','2023-11-08',0),
    (75,15,134,441,null,'The revenue model seems sustainable and profitable.',0,POINT(44.6488, -63.5752),'2023-10-19','2023-10-23',0),
    (76,33,135,274,'https://invitro.ca/api/multimedia/comment76.jpg','The cash flow analysis demonstrates prudent financial management.',1,POINT(43.6511, -79.3470),'2023-12-31','2023-12-31',0),
    (78,9,135,372,'https://invitro.ca/api/multimedia/comment78.jpg','This proposal presents a compelling case for return on investment.',0,POINT(45.4215, -75.6919),'2023-12-31','2023-12-31',0),
    (80,28,94,152,null,'I''m impressed by the strategic approach outlined in this pitch.',1,POINT(48.4284, -123.3656),'2023-11-08','2023-11-09',0),
    (83,24,136,408,'https://invitro.ca/api/multimedia/comment83.jpg','The financial model accounts for various scenarios and contingencies.',0,POINT(46.8139, -71.2080),'2023-10-12','2023-10-14',0),
    (85,16,136,484,'https://invitro.ca/api/multimedia/comment85.jpg','The technological stack chosen is both efficient and scalable.',1,POINT(48.4275, -123.3673),'2023-10-18','2023-10-24',0),
    (89,4,112,82,null,'I''m encouraged by the diversity of revenue streams outlined in this plan.',0,POINT(49.2827, -123.1207),'2023-11-06','2023-11-09',0),
    (90,42,137,311,null,'I''m intrigued by the integration of emerging technologies in this proposal.',0,POINT(51.2538, -85.3232),'2023-07-25','2023-07-30',0),
    (91,37,140,84,null,'This proposal presents a compelling case for return on investment.',1,POINT(45.4215, -75.6919),'2023-04-17','2023-04-26',0),
    (93,49,140,401,null,'The data-driven insights presented are actionable and impactful.',1,POINT(53.9333, -116.5765),'2023-06-10','2023-06-14',0),
    (94,20,141,182,'https://invitro.ca/api/multimedia/comment94.jpg','I''m encouraged by the diversity of revenue streams outlined in this plan.',1,POINT(46.8139, -71.2080),'2023-07-15','2023-07-20',0),
    (95,26,141,447,'https://invitro.ca/api/multimedia/comment95.jpg','This project demonstrates proficiency in modern development methodologies.',1,POINT(49.8994, -97.1392),'2023-10-27','2023-10-30',0),
    (96,7,142,239,null,'The data-driven insights presented are actionable and impactful.',1,POINT(53.5461, -113.4938),'2023-04-30','2023-05-07',0),
    (97,6,142,307,null,'The user experience design appears intuitive and user-friendly.',1,POINT(42.9849, -81.2453),'2023-10-29','2023-11-01',0),
    (103,36,142,425,null,'This business idea demonstrates innovation and forward thinking.',1,null,'2023-11-15','2023-11-23',0),
    (105,26,143,51,'https://invitro.ca/api/multimedia/comment105.jpg','The data collection methodology appears robust and reliable.',1,POINT(49.8994, -97.1392),'2023-12-29','2023-12-31',0),
    (109,18,143,452,'https://invitro.ca/api/multimedia/comment109.jpg','I''m encouraged by the diversity of revenue streams outlined in this plan.',1,POINT(48.4284, -123.3656),'2023-12-29','2023-12-30',0),
    (110,36,143,493,null,'I''m fascinated by the depth of analysis applied to the dataset.',1,POINT(42.9849, -81.2453),'2023-12-31','2023-12-31',0),
    (111,24,145,154,null,'I''m fascinated by the depth of analysis applied to the dataset.',1,POINT(44.6488, -63.5752),'2023-05-07','2023-05-17',0),
    (112,11,145,257,null,'This proposal aligns well with current market trends.',1,POINT(45.5017, -73.5673),'2023-07-21','2023-07-30',0),
    (113,43,145,261,'https://invitro.ca/api/multimedia/comment113.jpg','I appreciate the emphasis on ethical considerations in handling sensitive data.',0,POINT(45.4215, -75.6919),'2023-04-17','2023-04-19',0),
    (114,35,146,363,null,'The market analysis appears thorough and well-researched.',0,POINT(53.5444, -113.4909),'2023-04-16','2023-04-19',0),
    (115,11,147,77,'https://invitro.ca/api/multimedia/comment115.jpg','I appreciate the emphasis on ethical considerations in handling sensitive data.',0,POINT(49.2827, -123.1207),'2023-07-19','2023-07-21',0),
    (116,15,147,176,'https://invitro.ca/api/multimedia/comment116.jpg','This financial plan reflects a deep understanding of market dynamics.',1,POINT(48.4275, -123.3673),'2023-03-19','2023-03-29',0),
    (117,34,147,413,null,'The data visualization techniques used effectively communicate key findings.',1,POINT(53.9333, -116.5765),'2023-07-31','2023-08-06',0),
    (118,45,149,99,'https://invitro.ca/api/multimedia/comment118.jpg','The revenue model seems sustainable and profitable.',1,POINT(48.4284, -123.3656),'2023-08-20','2023-08-27',0),
    (119,32,150,489,null,'The value proposition is compelling and addresses a real need.',1,POINT(46.8139, -71.2080),'2023-10-25','2023-10-30',0),
    (120,21,151,100,null,'I see potential for scalability in this business model.',1,POINT(45.4215, -75.6919),'2023-12-16','2023-12-25',0),
    (123,5,152,98,'https://invitro.ca/api/multimedia/comment123.jpg','The data-driven insights presented are actionable and impactful.',1,POINT(53.9333, -116.5765),'2023-07-25','2023-07-30',0),
    (124,28,153,29,'https://invitro.ca/api/multimedia/comment124.jpg','This project demonstrates proficiency in modern development methodologies.',1,POINT(42.9849, -81.2453),'2023-04-22','2023-04-23',0),
    (125,31,112,353,'https://invitro.ca/api/multimedia/comment125.jpg','I''m fascinated by the depth of analysis applied to the dataset.',1,POINT(44.6488, -63.5752),'2023-11-07','2023-11-07',0),
    (127,48,154,440,'https://invitro.ca/api/multimedia/comment127.jpg','The data collection methodology appears robust and reliable.',1,POINT(49.2827, -123.1207),'2023-09-22','2023-09-24',0),
    (128,48,155,218,'https://invitro.ca/api/multimedia/comment128.jpg','The cash flow analysis demonstrates prudent financial management.',0,POINT(45.4215, -75.6919),'2023-11-25','2023-11-27',0),
    (129,36,156,1,'https://invitro.ca/api/multimedia/comment129.jpg','The data strategy outlined aligns well with organizational objectives.',1,POINT(51.2538, -85.3232),'2023-11-13','2023-11-16',0),
    (130,2,94,254,'https://invitro.ca/api/multimedia/comment130.jpg','This proposal demonstrates a sophisticated understanding of data science.',1,POINT(48.4284, -123.3656),'2023-11-02','2023-11-08',0),
    (131,40,156,355,'https://invitro.ca/api/multimedia/comment131.jpg','The financial model accounts for various scenarios and contingencies.',1,POINT(49.8994, -97.1392),'2023-11-10','2023-11-13',0),
    (132,48,156,380,'https://invitro.ca/api/multimedia/comment132.jpg','The market analysis appears thorough and well-researched.',1,POINT(53.5461, -113.4938),'2023-11-09','2023-11-14',0),
    (136,4,157,468,'https://invitro.ca/api/multimedia/comment136.jpg','The financial model accounts for various scenarios and contingencies.',0,POINT(45.5017, -73.5673),'2023-05-11','2023-05-13',0),
    (138,49,158,483,'https://invitro.ca/api/multimedia/comment138.jpg',null,1,POINT(43.6511, -79.3470),'2023-06-13','2023-06-16',0),
    (144,8,16,143,'https://invitro.ca/api/multimedia/comment144.jpg','This proposal presents a compelling case for return on investment.',0,POINT(46.8139, -71.2080),'2023-09-18','2023-09-21',0),
    (146,5,16,226,null,'I''m excited by the potential for predictive analytics in this context.',0,POINT(53.5461, -113.4938),'2023-08-14','2023-08-23',0),
    (148,39,16,232,'https://invitro.ca/api/multimedia/comment148.jpg','The valuation methodology employed seems appropriate and justified.',0,POINT(44.6488, -63.5752),'2023-08-12','2023-08-22',0),
    (149,31,16,499,'https://invitro.ca/api/multimedia/comment149.jpg',null,1,POINT(43.6511, -79.3470),'2023-08-12','2023-08-16',0),
    (150,36,160,283,'https://invitro.ca/api/multimedia/comment150.jpg','The data strategy outlined aligns well with organizational objectives.',0,POINT(49.2827, -123.1207),'2023-11-11','2023-11-20',0),
    (155,6,161,295,null,'The user experience design appears intuitive and user-friendly.',1,POINT(49.8994, -97.1392),'2023-10-28','2023-11-02',0),
    (156,15,163,49,null,'This venture has the potential to attract significant investor interest.',1,POINT(46.8139, -71.2080),'2023-09-11','2023-09-18',1),
    (157,36,163,220,'https://invitro.ca/api/multimedia/comment157.jpg','The data visualization techniques used effectively communicate key findings.',1,POINT(53.9333, -116.5765),'2023-11-11','2023-11-11',0),
    (159,34,163,357,'https://invitro.ca/api/multimedia/comment159.jpg','I''m fascinated by the depth of analysis applied to the dataset.',1,POINT(48.4284, -123.3656),'2023-09-13','2023-09-13',1),
    (160,15,165,398,'https://invitro.ca/api/multimedia/comment160.jpg','The technological stack chosen is both efficient and scalable.',1,POINT(42.9849, -81.2453),'2023-11-12','2023-11-12',0),
    (162,27,168,202,null,'The technical documentation is thorough and well-organized.',0,POINT(45.5017, -73.5673),'2023-07-24','2023-07-26',0),
    (165,50,168,358,'https://invitro.ca/api/multimedia/comment165.jpg','I''m impressed by the strategic approach outlined in this pitch.',1,POINT(49.2827, -123.1207),'2023-05-01','2023-05-03',1),
    (169,14,169,140,null,'The value proposition is compelling and addresses a real need.',1,POINT(46.8139, -71.2080),'2023-05-29','2023-06-06',0),
    (170,25,17,244,null,'I''m confident in the team''s ability to execute on this plan.',1,POINT(45.4215, -75.6919),'2023-05-14','2023-05-20',0),
    (173,4,171,369,'https://invitro.ca/api/multimedia/comment173.jpg','The technical architecture is well-designed for future expansion.',1,POINT(53.9333, -116.5765),'2023-11-21','2023-11-23',0),
    (175,8,112,50,null,'The technology roadmap shows a clear path to implementation and growth.',1,POINT(44.6488, -63.5752),'2023-11-09','2023-11-15',0),
    (177,3,175,174,null,'This proposal presents a compelling case for return on investment.',1,POINT(49.2827, -123.1207),'2023-11-24','2023-11-24',0),
    (178,36,175,287,null,'The value proposition is compelling and addresses a real need.',0,POINT(45.4215, -75.6919),'2023-11-11','2023-11-13',0),
    (180,45,176,197,'https://invitro.ca/api/multimedia/comment180.jpg','The market analysis appears thorough and well-researched.',1,null,'2023-08-13','2023-08-19',0),
    (185,19,177,397,'https://invitro.ca/api/multimedia/comment185.jpg','The valuation methodology employed seems appropriate and justified.',1,POINT(48.4275, -123.3673),'2023-12-06','2023-12-12',0),
    (186,45,178,47,'https://invitro.ca/api/multimedia/comment186.jpg','The technology roadmap shows a clear path to implementation and growth.',1,POINT(45.5017, -73.5673),'2023-08-08','2023-08-17',0),
    (187,19,179,17,null,'The data-driven insights presented are actionable and impactful.',1,POINT(44.6488, -63.5752),'2023-12-02','2023-12-09',0),
    (189,11,179,20,'https://invitro.ca/api/multimedia/comment189.jpg','This proposal aligns well with current market trends.',1,POINT(49.2827, -123.1207),'2023-11-08','2023-11-13',0),
    (190,25,18,167,null,'I''m impressed by the strategic approach outlined in this pitch.',1,POINT(51.2538, -85.3232),'2023-08-25','2023-08-28',0),
    (192,17,18,210,'https://invitro.ca/api/multimedia/comment192.jpg','This project showcases innovative applications of machine learning algorithms.',1,POINT(48.4284, -123.3656),'2023-08-31','2023-09-06',0),
    (195,6,94,459,'https://invitro.ca/api/multimedia/comment195.jpg','I''m fascinated by the depth of analysis applied to the dataset.',0,POINT(49.8994, -97.1392),'2023-11-07','2023-11-11',0),
    (196,24,182,71,'https://invitro.ca/api/multimedia/comment196.jpg','The value proposition is compelling and addresses a real need.',0,POINT(53.5461, -113.4938),'2023-11-20','2023-11-20',0),
    (201,37,183,58,null,'I''m excited by the potential for predictive analytics in this context.',1,POINT(49.2827, -123.1207),'2023-10-06','2023-10-10',0),
    (203,9,185,179,null,'I appreciate the emphasis on ethical considerations in handling sensitive data.',0,POINT(53.5461, -113.4938),'2023-06-09','2023-06-14',0),
    (204,14,185,346,'https://invitro.ca/api/multimedia/comment204.jpg',null,1,POINT(43.6511, -79.3470),'2023-05-30','2023-06-07',0),
    (205,48,186,223,'https://invitro.ca/api/multimedia/comment205.jpg','The data-driven insights presented are actionable and impactful.',1,POINT(49.8994, -97.1392),'2023-09-16','2023-09-25',0),
    (207,18,186,247,null,'I''m impressed by the strategic approach outlined in this pitch.',1,POINT(53.9333, -116.5765),'2023-03-05','2023-03-15',0),
    (209,40,186,329,'https://invitro.ca/api/multimedia/comment209.jpg','The data strategy outlined aligns well with organizational objectives.',1,POINT(48.4284, -123.3656),'2023-02-05','2023-02-14',0),
    (213,48,188,39,null,'The cash flow analysis demonstrates prudent financial management.',0,POINT(45.4215, -75.6919),'2023-09-22','2023-09-29',0),
    (216,14,188,313,null,'The technical architecture is well-designed for future expansion.',1,POINT(48.4275, -123.3673),'2023-06-02','2023-06-07',0),
    (221,44,188,465,'https://invitro.ca/api/multimedia/comment221.jpg','There''s a clear demand for this product/service in the market.',1,null,'2023-11-16','2023-11-22',0),
    (222,27,189,21,'https://invitro.ca/api/multimedia/comment222.jpg','This venture has the potential to attract significant investor interest.',1,POINT(49.8994, -97.1392),'2023-12-30','2023-12-30',0),
    (225,46,189,211,'https://invitro.ca/api/multimedia/comment225.jpg','There''s a clear demand for this product/service in the market.',1,POINT(44.6488, -63.5752),'2023-12-22','2023-12-31',0),
    (229,40,112,102,'https://invitro.ca/api/multimedia/comment229.jpg','I''m excited by the potential for predictive analytics in this context.',1,POINT(51.2538, -85.3232),'2023-11-02','2023-11-08',0),
    (230,50,19,108,null,'I''m confident in the team''s ability to execute on this plan.',1,POINT(48.4284, -123.3656),'2023-05-15','2023-05-18',0),
    (233,39,19,298,'https://invitro.ca/api/multimedia/comment233.jpg','The technological stack chosen is both efficient and scalable.',1,POINT(46.8139, -71.2080),'2023-06-17','2023-06-22',0),
    (234,11,19,338,null,'The market analysis appears thorough and well-researched.',0,POINT(53.9333, -116.5765),'2023-07-20','2023-07-21',0),
    (235,17,190,141,'https://invitro.ca/api/multimedia/comment235.jpg','I see potential for scalability in this business model.',1,POINT(48.4275, -123.3673),'2023-06-27','2023-07-03',1),
    (236,36,191,145,'https://invitro.ca/api/multimedia/comment236.jpg','This financial plan reflects a deep understanding of market dynamics.',1,POINT(45.5017, -73.5673),'2023-11-19','2023-11-29',0),
    (237,48,191,430,'https://invitro.ca/api/multimedia/comment237.jpg','The financial model accounts for various scenarios and contingencies.',1,POINT(44.6488, -63.5752),'2023-09-18','2023-09-21',0),
    (238,48,196,224,null,'The technological stack chosen is both efficient and scalable.',1,POINT(43.6511, -79.3470),'2023-09-17','2023-09-22',0),
    (241,34,196,386,null,'This business idea demonstrates innovation and forward thinking.',1,POINT(45.4215, -75.6919),'2023-08-30','2023-09-08',0),
    (243,9,197,68,'https://invitro.ca/api/multimedia/comment243.jpg','This financial plan reflects a deep understanding of market dynamics.',1,POINT(53.9333, -116.5765),'2023-06-05','2023-06-14',0),
    (246,42,198,277,'https://invitro.ca/api/multimedia/comment246.jpg','The technical documentation is thorough and well-organized.',1,POINT(53.5461, -113.4938),'2023-07-24','2023-07-24',0),
    (248,45,198,314,'https://invitro.ca/api/multimedia/comment248.jpg','I see potential for scalability in this business model.',1,POINT(44.6488, -63.5752),'2023-08-10','2023-08-16',0),
    (250,17,198,351,null,'The financial projections are conservative yet realistic.',1,POINT(49.2827, -123.1207),'2023-06-19','2023-06-26',0),
    (251,43,199,137,null,'This venture has the potential to attract significant investor interest.',0,POINT(49.2827, -123.1207),'2023-12-31','2023-12-31',0),
    (253,8,199,435,null,'I''m fascinated by the depth of analysis applied to the dataset.',1,POINT(53.5461, -113.4938),'2023-12-31','2023-12-31',0),
    (256,45,2,412,'https://invitro.ca/api/multimedia/comment256.jpg',null,1,POINT(46.8139, -71.2080),'2023-09-06','2023-09-09',0),
    (258,3,21,324,'https://invitro.ca/api/multimedia/comment258.jpg','The market analysis appears thorough and well-researched.',1,null,'2023-11-21','2023-11-28',0),
    (259,3,21,384,null,'I''m confident in the team''s ability to execute on this plan.',1,POINT(48.4284, -123.3656),'2023-11-19','2023-11-26',0),
    (262,35,22,5,null,'The financial projections are conservative yet realistic.',1,POINT(45.5017, -73.5673),'2023-12-17','2023-12-26',0),
    (263,9,22,10,'https://invitro.ca/api/multimedia/comment263.jpg','This venture has the potential to attract significant investor interest.',1,POINT(45.4215, -75.6919),'2023-12-16','2023-12-23',0),
    (264,31,22,121,null,'The data collection methodology appears robust and reliable.',0,POINT(53.5444, -113.4909),'2023-12-16','2023-12-22',0),
    (265,48,94,30,'https://invitro.ca/api/multimedia/comment265.jpg','The financial model accounts for various scenarios and contingencies.',1,POINT(49.2827, -123.1207),'2023-11-11','2023-11-18',0),
    (266,50,25,56,null,'The value proposition is compelling and addresses a real need.',0,POINT(48.4275, -123.3673),'2023-04-23','2023-04-25',0),
    (267,47,25,286,'https://invitro.ca/api/multimedia/comment267.jpg','This financial plan reflects a deep understanding of market dynamics.',0,POINT(53.9333, -116.5765),'2023-04-23','2023-04-27',0),
    (268,26,25,375,null,'The data visualization techniques used effectively communicate key findings.',0,POINT(48.4284, -123.3656),'2023-11-01','2023-11-04',0),
    (269,11,26,433,null,'The data strategy outlined aligns well with organizational objectives.',1,POINT(46.8139, -71.2080),'2023-07-15','2023-07-25',0),
    (270,6,26,486,null,'The cash flow analysis demonstrates prudent financial management.',1,POINT(45.4215, -75.6919),'2023-11-05','2023-11-10',0),
    (272,42,27,18,null,'The value proposition is compelling and addresses a real need.',1,POINT(49.8994, -97.1392),'2023-08-02','2023-08-11',0),
    (276,9,27,158,'https://invitro.ca/api/multimedia/comment276.jpg','The cash flow analysis demonstrates prudent financial management.',0,POINT(43.6511, -79.3470),'2023-06-12','2023-06-14',0),
    (281,18,28,134,'https://invitro.ca/api/multimedia/comment281.jpg','This proposal presents a compelling case for return on investment.',1,POINT(49.8994, -97.1392),'2023-08-20','2023-08-21',0),
    (284,19,28,280,'https://invitro.ca/api/multimedia/comment284.jpg','This financial plan reflects a deep understanding of market dynamics.',1,POINT(53.9333, -116.5765),'2023-12-09','2023-12-12',0),
    (289,22,3,378,'https://invitro.ca/api/multimedia/comment289.jpg','This business idea demonstrates innovation and forward thinking.',1,POINT(49.2827, -123.1207),'2023-05-28','2023-06-02',0),
    (290,12,30,199,null,'I''m encouraged by the diversity of revenue streams outlined in this plan.',1,POINT(51.2538, -85.3232),'2023-11-29','2023-11-30',0),
    (292,23,30,336,null,'I''m excited by the potential for predictive analytics in this context.',1,null,'2023-12-04','2023-12-08',0),
    (293,10,31,193,null,'I''m intrigued by the integration of emerging technologies in this proposal.',1,POINT(53.9333, -116.5765),'2023-12-30','2023-12-30',0),
    (294,44,31,305,'https://invitro.ca/api/multimedia/comment294.jpg','This project showcases innovative applications of machine learning algorithms.',0,POINT(46.8139, -71.2080),'2023-11-20','2023-11-22',0),
    (300,14,31,453,'https://invitro.ca/api/multimedia/comment300.jpg','The data-driven insights presented are actionable and impactful.',1,POINT(49.2827, -123.1207),'2023-09-21','2023-09-22',0),
    (301,2,33,399,'https://invitro.ca/api/multimedia/comment301.jpg','I appreciate the focus on customer acquisition and retention.',1,POINT(49.2827, -123.1207),'2023-08-04','2023-08-06',0),
    (303,6,98,303,null,'This project demonstrates proficiency in modern development methodologies.',0,POINT(53.5461, -113.4938),'2023-11-06','2023-11-09',0),
    (304,28,36,168,null,'The technological stack chosen is both efficient and scalable.',1,POINT(43.6511, -79.3470),'2023-06-22','2023-06-29',0),
    (306,45,36,368,null,'I''m impressed by the strategic approach outlined in this pitch.',1,POINT(46.8139, -71.2080),'2023-08-10','2023-08-11',0),
    (308,44,39,27,null,'The data strategy outlined aligns well with organizational objectives.',1,POINT(51.2538, -85.3232),'2023-11-10','2023-11-16',0),
    (310,27,112,255,'https://invitro.ca/api/multimedia/comment310.jpg','The market analysis appears thorough and well-researched.',1,POINT(42.9849, -81.2453),'2023-11-06','2023-11-07',0),
    (316,49,40,212,'https://invitro.ca/api/multimedia/comment316.jpg','The technical architecture is well-designed for future expansion.',0,POINT(48.4275, -123.3673),'2023-06-07','2023-06-09',0),
    (317,40,40,278,'https://invitro.ca/api/multimedia/comment317.jpg','The cash flow analysis demonstrates prudent financial management.',1,POINT(53.9333, -116.5765),'2023-06-02','2023-06-09',0),
    (318,22,41,208,'https://invitro.ca/api/multimedia/comment318.jpg','The cash flow analysis demonstrates prudent financial management.',0,POINT(48.4284, -123.3656),'2023-02-06','2023-02-16',0),
    (320,23,44,252,'https://invitro.ca/api/multimedia/comment320.jpg','The user experience design appears intuitive and user-friendly.',1,POINT(45.4215, -75.6919),'2023-08-17','2023-08-20',0),
    (321,40,45,46,null,'The risk mitigation strategy appears comprehensive and well-considered.',1,POINT(53.5461, -113.4938),'2023-11-19','2023-11-25',0),
    (323,43,45,469,null,'This proposal aligns well with current market trends.',1,POINT(53.9333, -116.5765),'2023-11-15','2023-11-24',0),
    (325,41,46,191,null,'The market analysis appears thorough and well-researched.',1,POINT(44.6488, -63.5752),'2023-11-09','2023-11-12',0),
    (326,29,46,348,null,'This financial plan reflects a deep understanding of market dynamics.',1,POINT(43.6511, -79.3470),'2023-06-13','2023-06-20',0),
    (327,28,46,432,null,'The user experience design appears intuitive and user-friendly.',1,POINT(49.2827, -123.1207),'2023-06-07','2023-06-10',0),
    (328,45,47,472,null,'The cash flow analysis demonstrates prudent financial management.',1,POINT(45.4215, -75.6919),'2023-08-11','2023-08-17',0),
    (331,41,94,38,null,'I''m confident in the team''s ability to execute on this plan.',1,POINT(49.8994, -97.1392),'2023-11-02','2023-11-04',0),
    (332,22,49,86,'https://invitro.ca/api/multimedia/comment332.jpg','The technology roadmap shows a clear path to implementation and growth.',0,POINT(53.5461, -113.4938),'2023-10-29','2023-11-05',1),
    (334,50,49,285,null,'I''m impressed by the level of transparency in the financial disclosures.',0,POINT(53.9333, -116.5765),'2023-10-25','2023-10-25',1),
    (337,47,50,418,null,'I''m confident in the team''s ability to execute on this plan.',1,POINT(44.6488, -63.5752),'2023-08-19','2023-08-21',0),
    (339,14,53,88,'https://invitro.ca/api/multimedia/comment339.jpg','I''m encouraged by the diversity of revenue streams outlined in this plan.',1,POINT(49.2827, -123.1207),'2023-06-05','2023-06-07',0),
    (340,10,53,411,null,'The financial model accounts for various scenarios and contingencies.',1,POINT(51.2538, -85.3232),'2023-12-30','2023-12-30',0),
    (341,32,54,135,'https://invitro.ca/api/multimedia/comment341.jpg',null,1,POINT(45.4215, -75.6919),'2023-05-22','2023-05-27',0),
    (343,13,54,349,null,'I appreciate the focus on customer acquisition and retention.',1,POINT(53.9333, -116.5765),'2023-10-21','2023-10-29',0),
    (344,4,55,92,null,'The valuation methodology employed seems appropriate and justified.',1,POINT(46.8139, -71.2080),'2023-12-30','2023-12-31',0),
    (345,1,56,101,'https://invitro.ca/api/multimedia/comment345.jpg','The technical documentation is thorough and well-organized.',1,POINT(49.8994, -97.1392),'2023-06-20','2023-06-28',0),
    (347,18,56,107,null,'This proposal demonstrates a sophisticated understanding of data science.',0,POINT(42.9849, -81.2453),'2023-06-20','2023-06-30',0),
    (352,50,56,406,null,'I''m impressed by the level of transparency in the financial disclosures.',1,POINT(45.4215, -75.6919),'2023-06-20','2023-06-21',0),
    (354,38,112,439,'https://invitro.ca/api/multimedia/comment354.jpg','I''m impressed by the level of transparency in the financial disclosures.',1,POINT(43.6511, -79.3470),'2023-11-11','2023-11-14',0),
    (356,42,57,481,'https://invitro.ca/api/multimedia/comment356.jpg',null,1,POINT(46.8139, -71.2080),'2023-11-17','2023-11-26',0),
    (360,43,58,228,'https://invitro.ca/api/multimedia/comment360.jpg','I''m encouraged by the diversity of revenue streams outlined in this plan.',1,POINT(42.9849, -81.2453),'2023-10-22','2023-10-30',0),
    (362,36,6,427,null,'I''m impressed by the strategic approach outlined in this pitch.',1,POINT(45.5017, -73.5673),'2023-12-10','2023-12-15',0),
    (364,9,60,41,'https://invitro.ca/api/multimedia/comment364.jpg','This project showcases innovative applications of machine learning algorithms.',1,POINT(53.5444, -113.4909),'2023-07-25','2023-08-03',0),
    (365,21,60,147,null,'This proposal aligns well with current market trends.',1,POINT(49.2827, -123.1207),'2023-07-18','2023-07-20',0),
    (366,15,60,448,'https://invitro.ca/api/multimedia/comment366.jpg','I''m confident in the team''s ability to execute on this plan.',1,POINT(48.4275, -123.3673),'2023-07-22','2023-07-26',0),
    (370,9,61,249,null,'This proposal presents a compelling case for return on investment.',1,POINT(45.4215, -75.6919),'2023-06-12','2023-06-21',0),
    (371,3,62,299,null,'I appreciate the focus on customer acquisition and retention.',0,null,'2023-11-24','2023-12-02',0),
    (373,3,63,14,null,'The technical documentation is thorough and well-organized.',1,POINT(53.9333, -116.5765),'2023-11-27','2023-12-03',0),
    (374,6,63,350,null,'I''m impressed by the strategic approach outlined in this pitch.',1,POINT(42.9849, -81.2453),'2023-10-31','2023-11-01',0),
    (376,34,64,476,'https://invitro.ca/api/multimedia/comment376.jpg','I''m encouraged by the diversity of revenue streams outlined in this plan.',1,POINT(43.6511, -79.3470),'2023-08-10','2023-08-17',0),
    (379,44,66,282,null,'There''s a clear demand for this product/service in the market.',0,POINT(51.2538, -85.3232),'2023-11-14','2023-11-20',0),
    (382,34,66,322,null,'The data-driven insights presented are actionable and impactful.',1,POINT(53.5461, -113.4938),'2023-08-24','2023-08-30',0),
    (383,21,66,359,'https://invitro.ca/api/multimedia/comment383.jpg',null,1,POINT(46.8139, -71.2080),'2023-08-27','2023-09-05',1),
    (385,47,66,442,null,'This solution exhibits creativity and ingenuity in its design.',0,POINT(48.4275, -123.3673),'2023-08-26','2023-08-30',0),
    (387,4,68,164,null,'This solution exhibits creativity and ingenuity in its design.',1,POINT(44.6488, -63.5752),'2023-09-02','2023-09-07',0),
    (388,37,68,480,'https://invitro.ca/api/multimedia/comment388.jpg','This proposal aligns well with current market trends.',1,POINT(43.6511, -79.3470),'2023-08-28','2023-08-30',0),
    (389,30,69,126,'https://invitro.ca/api/multimedia/comment389.jpg','This project showcases innovative applications of machine learning algorithms.',1,POINT(49.2827, -123.1207),'2023-08-23','2023-08-31',0),
    (390,8,94,63,null,'The technology roadmap shows a clear path to implementation and growth.',0,POINT(51.2538, -85.3232),'2023-11-07','2023-11-15',0),
    (391,16,71,296,null,'The financial model accounts for various scenarios and contingencies.',1,POINT(45.4215, -75.6919),'2023-10-03','2023-10-10',0),
    (392,6,74,24,null,'This financial plan reflects a deep understanding of market dynamics.',1,POINT(48.4284, -123.3656),'2023-11-03','2023-11-06',0),
    (393,38,74,361,null,'The technological stack chosen is both efficient and scalable.',1,POINT(53.9333, -116.5765),'2023-09-18','2023-09-21',0),
    (394,2,75,217,'https://invitro.ca/api/multimedia/comment394.jpg','The cash flow analysis demonstrates prudent financial management.',1,POINT(46.8139, -71.2080),'2023-08-08','2023-08-09',0),
    (395,15,76,242,null,'This project demonstrates proficiency in modern development methodologies.',1,POINT(49.8994, -97.1392),'2023-05-18','2023-05-19',0),
    (396,22,77,13,null,'The market analysis appears thorough and well-researched.',0,POINT(53.5461, -113.4938),'2023-08-24','2023-08-30',0),
    (400,28,78,104,null,'I''m intrigued by the integration of emerging technologies in this proposal.',0,POINT(49.2827, -123.1207),'2023-06-18','2023-06-22',1),
    (402,38,78,240,'https://invitro.ca/api/multimedia/comment402.jpg','I see potential for scalability in this business model.',0,POINT(45.4215, -75.6919),'2023-09-22','2023-10-01',0),
    (403,17,78,422,null,'The valuation methodology employed seems appropriate and justified.',1,POINT(53.5461, -113.4938),'2023-06-27','2023-07-03',1),
    (405,44,79,333,'https://invitro.ca/api/multimedia/comment405.jpg','The risk mitigation strategy appears comprehensive and well-considered.',0,POINT(49.8994, -97.1392),'2023-11-14','2023-11-20',0),
    (407,21,80,59,null,'I''m impressed by the strategic approach outlined in this pitch.',1,POINT(53.9333, -116.5765),'2023-04-30','2023-05-09',0),
    (409,36,80,245,null,'The cash flow analysis demonstrates prudent financial management.',1,POINT(48.4284, -123.3656),'2023-11-16','2023-11-25',0),
    (410,43,80,488,null,'The data-driven insights presented are actionable and impactful.',1,POINT(42.9849, -81.2453),'2023-05-08','2023-05-14',0),
    (414,40,81,198,null,'The risk mitigation strategy appears comprehensive and well-considered.',0,POINT(53.5444, -113.4909),'2023-01-30','2023-01-31',0),
    (415,13,82,450,'https://invitro.ca/api/multimedia/comment415.jpg','I''m intrigued by the integration of emerging technologies in this proposal.',1,POINT(49.2827, -123.1207),'2023-10-24','2023-10-24',0),
    (416,6,83,79,'https://invitro.ca/api/multimedia/comment416.jpg','This project demonstrates proficiency in modern development methodologies.',1,POINT(48.4275, -123.3673),'2023-10-30','2023-11-08',0),
    (417,48,83,342,'https://invitro.ca/api/multimedia/comment417.jpg','This financial plan reflects a deep understanding of market dynamics.',1,POINT(53.9333, -116.5765),'2023-09-22','2023-10-02',0),
    (420,8,85,106,'https://invitro.ca/api/multimedia/comment420.jpg','I''m excited by the potential for predictive analytics in this context.',1,POINT(45.4215, -75.6919),'2023-09-16','2023-09-17',0),
    (421,50,87,291,null,'This solution leverages state-of-the-art technology to achieve its goals.',0,POINT(53.5461, -113.4938),'2023-09-21','2023-09-28',0),
    (423,33,112,419,null,'The financial model accounts for various scenarios and contingencies.',1,POINT(53.9333, -116.5765),'2023-11-05','2023-11-14',0),
    (424,44,87,444,'https://invitro.ca/api/multimedia/comment424.jpg','This solution exhibits creativity and ingenuity in its design.',1,POINT(42.9849, -81.2453),'2023-11-13','2023-11-22',0),
    (426,39,88,161,'https://invitro.ca/api/multimedia/comment426.jpg','This proposal demonstrates a sophisticated understanding of data science.',1,POINT(43.6511, -79.3470),'2023-06-17','2023-06-18',0),
    (428,35,88,219,'https://invitro.ca/api/multimedia/comment428.jpg','The data-driven insights presented are actionable and impactful.',1,POINT(45.4215, -75.6919),'2023-05-02','2023-05-10',0),
    (429,47,88,279,'https://invitro.ca/api/multimedia/comment429.jpg','This financial plan reflects a deep understanding of market dynamics.',1,POINT(51.2538, -85.3232),'2023-05-02','2023-05-06',0),
    (431,37,89,163,null,'This proposal aligns well with current market trends.',1,POINT(49.8994, -97.1392),'2023-08-24','2023-08-27',0),
    (434,4,90,302,'https://invitro.ca/api/multimedia/comment434.jpg','The technology roadmap shows a clear path to implementation and growth.',1,POINT(53.9333, -116.5765),'2023-10-08','2023-10-08',0),
    (436,12,91,54,'https://invitro.ca/api/multimedia/comment436.jpg','The data strategy outlined aligns well with organizational objectives.',1,POINT(45.5017, -73.5673),'2023-05-11','2023-05-15',1),
    (437,34,91,69,'https://invitro.ca/api/multimedia/comment437.jpg','The risk mitigation strategy appears comprehensive and well-considered.',1,POINT(44.6488, -63.5752),'2023-08-01','2023-08-10',0),
    (438,49,91,454,'https://invitro.ca/api/multimedia/comment438.jpg','This proposal aligns well with current market trends.',1,POINT(43.6511, -79.3470),'2023-06-14','2023-06-16',0),
    (445,48,92,122,'https://invitro.ca/api/multimedia/comment445.jpg','The financial model accounts for various scenarios and contingencies.',0,POINT(49.8994, -97.1392),'2023-09-23','2023-09-30',0),
    (446,18,92,206,'https://invitro.ca/api/multimedia/comment446.jpg','I''m encouraged by the diversity of revenue streams outlined in this plan.',1,POINT(53.5461, -113.4938),'2023-05-05','2023-05-12',0),
    (449,3,92,467,null,'There''s a clear demand for this product/service in the market.',1,POINT(43.6511, -79.3470),'2023-11-17','2023-11-22',0),
    (455,12,94,377,'https://invitro.ca/api/multimedia/comment455.jpg','The data visualization techniques used effectively communicate key findings.',1,POINT(49.8994, -97.1392),'2023-11-08','2023-11-14',0),
    (457,33,94,151,null,'This project showcases innovative applications of machine learning algorithms.',1,POINT(53.9333, -116.5765),'2023-11-05','2023-11-07',0),
    (458,25,94,181,'https://invitro.ca/api/multimedia/comment458.jpg','There''s a clear demand for this product/service in the market.',1,POINT(51.2538, -85.3232),'2023-11-01','2023-11-10',0),
    (460,15,94,275,null,'The data strategy outlined aligns well with organizational objectives.',1,null,'2023-11-10','2023-11-18',0),
    (461,31,95,260,'https://invitro.ca/api/multimedia/comment461.jpg','The market analysis appears thorough and well-researched.',1,POINT(44.6488, -63.5752),'2023-11-19','2023-11-27',0),
    (462,20,95,485,null,'This financial plan reflects a deep understanding of market dynamics.',0,POINT(45.5017, -73.5673),'2023-11-26','2023-11-27',0),
    (463,50,95,496,null,'The market analysis appears thorough and well-researched.',1,POINT(45.4215, -75.6919),'2023-11-19','2023-11-22',0),
    (464,4,97,183,'https://invitro.ca/api/multimedia/comment464.jpg','This financial plan reflects a deep understanding of market dynamics.',1,POINT(53.5444, -113.4909),'2023-08-20','2023-08-30',0),
    (466,23,112,381,null,'I see potential for scalability in this business model.',1,POINT(48.4275, -123.3673),'2023-11-10','2023-11-11',0),
    (470,9,98,153,'https://invitro.ca/api/multimedia/comment470.jpg','The data visualization techniques used effectively communicate key findings.',1,POINT(45.4215, -75.6919),'2023-11-03','2023-11-05',0),
    (473,13,98,303,'https://invitro.ca/api/multimedia/comment473.jpg','The data collection methodology appears robust and reliable.',1,POINT(53.9333, -116.5765),'2023-11-04','2023-11-05',0),
    (474,9,92,206,'https://invitro.ca/api/multimedia/comment474.jpg','The technical documentation is thorough and well-organized.',1,POINT(42.9849, -81.2453),'2023-06-04','2023-06-07',0),
    (475,13,92,467,'https://invitro.ca/api/multimedia/comment475.jpg','The valuation methodology employed seems appropriate and justified.',1,POINT(44.6488, -63.5752),'2023-10-20','2023-10-25',0),
    (477,47,94,377,null,'I''m confident in the team''s ability to execute on this plan.',0,POINT(49.2827, -123.1207),'2023-11-08','2023-11-10',0),
    (479,17,94,151,'https://invitro.ca/api/multimedia/comment479.jpg','The financial model accounts for various scenarios and contingencies.',1,POINT(51.2538, -85.3232),'2023-11-06','2023-11-10',0),
    (482,44,94,181,'https://invitro.ca/api/multimedia/comment482.jpg',null,1,POINT(53.5461, -113.4938),'2023-11-12','2023-11-20',1),
    (487,38,94,275,null,'The financial projections are conservative yet realistic.',1,POINT(44.6488, -63.5752),'2023-11-02','2023-11-06',0),
    (491,6,95,260,null,'I''m intrigued by the integration of emerging technologies in this proposal.',1,POINT(45.4215, -75.6919),'2023-11-25','2023-12-04',0),
    (492,36,95,485,null,'I''m fascinated by the depth of analysis applied to the dataset.',1,POINT(48.4284, -123.3656),'2023-11-29','2023-12-03',0),
    (495,46,95,496,null,'I see potential for scalability in this business model.',1,POINT(49.8994, -97.1392),'2023-11-28','2023-11-29',0),
    (497,13,97,183,null,'I''m impressed by the strategic approach outlined in this pitch.',0,POINT(42.9849, -81.2453),'2023-10-27','2023-10-31',0),
    (498,26,112,381,null,'This financial plan reflects a deep understanding of market dynamics.',1,null,'2023-11-09','2023-11-16',0),
    (500,13,98,153,null,'The data collection methodology appears robust and reliable.',0,POINT(49.2827, -123.1207),'2023-11-05','2023-11-11',0);


    /* SYNTHETIC REACTION DATA GENERATED USING OPEN AI CHATGPT 3.5 AND MICROSOFT EXCEL */  
    INSERT INTO reaction (reaction_id, user_id, post_id, comment_id, reaction, image_url, reaction_date, modified_date, deleted)
    VALUES
    (1,11,112,null,'heart','https://invitro.ca/api/reaction/heart.jpg','2023-11-02','2023-11-02',0),
    (2,23,112,null,'wow','https://invitro.ca/api/reaction/wow.jpg','2023-11-02','2023-11-02',0),
    (3,17,null,180,'like','https://invitro.ca/api/reaction/like.jpg','2023-08-03','2023-08-03',0),
    (4,17,150,null,'wow','https://invitro.ca/api/reaction/wow.jpg','2023-10-16','2023-10-16',0),
    (5,20,null,229,'like','https://invitro.ca/api/reaction/like.jpg','2023-01-06','2023-01-06',0),
    (6,11,null,500,'like','https://invitro.ca/api/reaction/like.jpg','2023-10-19','2023-10-19',0),
    (7,42,null,257,'like','https://invitro.ca/api/reaction/like.jpg','2023-07-14','2023-07-15',0),
    (8,13,null,16,'heart','https://invitro.ca/api/reaction/heart.jpg','2023-04-23','2023-04-23',0),
    (9,49,64,null,'heart','https://invitro.ca/api/reaction/heart.jpg','2023-08-04','2023-08-04',1),
    (10,32,null,268,'like','https://invitro.ca/api/reaction/like.jpg','2023-10-25','2023-10-25',0),
    (11,39,null,290,'like','https://invitro.ca/api/reaction/like.jpg','2023-04-02','2023-04-02',0),
    (12,22,112,null,'like','https://invitro.ca/api/reaction/like.jpg','2023-11-02','2023-11-02',0),
    (13,7,148,null,'heart','https://invitro.ca/api/reaction/heart.jpg','2023-11-23','2023-11-23',0),
    (14,23,156,null,'heart','https://invitro.ca/api/reaction/heart.jpg','2023-11-04','2023-11-04',0),
    (15,38,112,null,'heart','https://invitro.ca/api/reaction/heart.jpg','2023-11-02','2023-11-02',0),
    (16,32,187,null,'wow','https://invitro.ca/api/reaction/wow.jpg','2023-10-19','2023-10-19',0),
    (17,15,88,null,'like','https://invitro.ca/api/reaction/like.jpg','2023-04-22','2023-04-22',0),
    (18,23,50,null,'like','https://invitro.ca/api/reaction/like.jpg','2023-08-15','2023-08-15',0),
    (19,40,null,53,'like','https://invitro.ca/api/reaction/like.jpg','2023-08-03','2023-08-03',0),
    (20,21,null,46,'heart','https://invitro.ca/api/reaction/heart.jpg','2023-10-25','2023-10-25',0),
    (21,7,112,null,'like','https://invitro.ca/api/reaction/like.jpg','2023-11-02','2023-11-03',0),
    (22,2,65,null,'wow','https://invitro.ca/api/reaction/wow.jpg','2023-05-14','2023-05-14',0),
    (23,33,112,null,'heart','https://invitro.ca/api/reaction/heart.jpg','2023-11-02','2023-11-02',0),
    (24,30,null,126,'like','https://invitro.ca/api/reaction/like.jpg','2023-05-05','2023-05-05',0),
    (25,42,null,239,'like','https://invitro.ca/api/reaction/like.jpg','2023-06-09','2023-06-09',0),
    (26,42,null,195,'wow','https://invitro.ca/api/reaction/wow.jpg','2023-10-28','2023-10-28',0),
    (27,21,191,null,'wow','https://invitro.ca/api/reaction/wow.jpg','2023-01-17','2023-01-18',0),
    (28,50,null,120,'wow','https://invitro.ca/api/reaction/wow.jpg','2023-04-20','2023-04-20',0),
    (29,22,null,83,'heart','https://invitro.ca/api/reaction/heart.jpg','2023-05-07','2023-05-07',0),
    (30,26,181,null,'heart','https://invitro.ca/api/reaction/heart.jpg','2023-10-09','2023-10-09',0),
    (31,42,112,null,'heart','https://invitro.ca/api/reaction/heart.jpg','2023-11-02','2023-11-02',0),
    (32,11,83,null,'wow','https://invitro.ca/api/reaction/wow.jpg','2023-06-27','2023-06-27',0),
    (33,35,44,null,'like','https://invitro.ca/api/reaction/like.jpg','2023-08-16','2023-08-16',0),
    (34,22,178,null,'wow','https://invitro.ca/api/reaction/wow.jpg','2023-05-16','2023-05-16',0),
    (35,12,62,null,'heart','https://invitro.ca/api/reaction/heart.jpg','2023-04-07','2023-04-07',0),
    (36,21,null,84,'wow','https://invitro.ca/api/reaction/wow.jpg','2023-09-08','2023-09-08',0),
    (37,36,139,null,'heart','https://invitro.ca/api/reaction/heart.jpg','2023-09-10','2023-09-10',0),
    (38,43,null,43,'like','https://invitro.ca/api/reaction/like.jpg','2023-07-24','2023-07-24',0),
    (39,18,64,null,'wow','https://invitro.ca/api/reaction/wow.jpg','2023-08-04','2023-08-05',0),
    (40,23,199,null,'wow','https://invitro.ca/api/reaction/wow.jpg','2023-12-31','2023-12-31',0),
    (41,37,27,null,'wow','https://invitro.ca/api/reaction/wow.jpg','2023-05-24','2023-05-24',0),
    (42,25,null,234,'wow','https://invitro.ca/api/reaction/wow.jpg','2023-07-14','2023-07-14',0),
    (43,19,94,null,'heart','https://invitro.ca/api/reaction/heart.jpg','2023-11-01','2023-11-01',0),
    (44,9,136,null,'heart','https://invitro.ca/api/reaction/heart.jpg','2023-10-10','2023-10-11',0),
    (45,14,19,null,'heart','https://invitro.ca/api/reaction/heart.jpg','2023-05-15','2023-05-15',0),
    (46,10,null,347,'like','https://invitro.ca/api/reaction/like.jpg','2023-03-03','2023-03-03',0),
    (47,33,80,null,'wow','https://invitro.ca/api/reaction/wow.jpg','2023-04-28','2023-04-28',0),
    (48,8,162,null,'wow','https://invitro.ca/api/reaction/wow.jpg','2023-08-02','2023-08-02',0),
    (49,24,112,null,'heart','https://invitro.ca/api/reaction/heart.jpg','2023-11-02','2023-11-02',0),
    (50,20,40,null,'like','https://invitro.ca/api/reaction/like.jpg','2023-05-27','2023-05-27',0),
    (51,10,63,null,'heart','https://invitro.ca/api/reaction/heart.jpg','2023-05-09','2023-05-09',0),
    (52,36,null,246,'heart','https://invitro.ca/api/reaction/heart.jpg','2023-07-24','2023-07-24',0),
    (53,21,null,381,'heart','https://invitro.ca/api/reaction/heart.jpg','2023-09-16','2023-09-16',0),
    (54,8,null,429,'like','https://invitro.ca/api/reaction/like.jpg','2023-02-20','2023-02-20',0),
    (55,50,9,null,'heart','https://invitro.ca/api/reaction/heart.jpg','2023-05-31','2023-05-31',0),
    (56,5,null,448,'like','https://invitro.ca/api/reaction/like.jpg','2023-12-01','2023-12-01',0),
    (57,25,null,235,'heart','https://invitro.ca/api/reaction/heart.jpg','2023-06-18','2023-06-18',0),
    (58,16,null,373,'heart','https://invitro.ca/api/reaction/heart.jpg','2023-11-17','2023-11-17',0),
    (59,28,8,null,'like','https://invitro.ca/api/reaction/like.jpg','2023-05-27','2023-05-27',0),
    (60,19,null,316,'heart','https://invitro.ca/api/reaction/heart.jpg','2023-06-07','2023-06-07',0),
    (61,34,72,null,'heart','https://invitro.ca/api/reaction/heart.jpg','2023-08-15','2023-08-15',0),
    (62,23,32,null,'like','https://invitro.ca/api/reaction/like.jpg','2023-05-26','2023-05-26',0),
    (63,43,135,null,'wow','https://invitro.ca/api/reaction/wow.jpg','2023-12-30','2023-12-30',0),
    (64,38,null,352,'like','https://invitro.ca/api/reaction/like.jpg','2023-01-02','2023-01-02',0),
    (65,37,null,330,'heart','https://invitro.ca/api/reaction/heart.jpg','2023-02-14','2023-02-15',0),
    (66,14,200,null,'like','https://invitro.ca/api/reaction/like.jpg','2023-10-12','2023-10-12',1),
    (67,47,112,null,'heart','https://invitro.ca/api/reaction/heart.jpg','2023-11-02','2023-11-02',0),
    (68,36,109,null,'heart','https://invitro.ca/api/reaction/heart.jpg','2023-04-17','2023-04-17',0),
    (69,37,112,null,'heart','https://invitro.ca/api/reaction/heart.jpg','2023-11-02','2023-11-02',0),
    (70,8,null,100,'heart','https://invitro.ca/api/reaction/heart.jpg','2023-12-30','2023-12-30',0),
    (71,40,null,276,'like','https://invitro.ca/api/reaction/like.jpg','2023-06-04','2023-06-04',0),
    (72,27,76,null,'wow','https://invitro.ca/api/reaction/wow.jpg','2023-05-13','2023-05-14',0),
    (73,32,153,null,'like','https://invitro.ca/api/reaction/like.jpg','2023-04-14','2023-04-14',0),
    (74,23,null,348,'heart','https://invitro.ca/api/reaction/heart.jpg','2023-04-02','2023-04-02',0),
    (75,10,95,null,'wow','https://invitro.ca/api/reaction/wow.jpg','2023-11-19','2023-11-19',0),
    (76,8,165,null,'heart','https://invitro.ca/api/reaction/heart.jpg','2023-11-10','2023-11-10',0),
    (77,8,100,null,'heart','https://invitro.ca/api/reaction/heart.jpg','2023-07-26','2023-07-26',0),
    (78,11,null,409,'wow','https://invitro.ca/api/reaction/wow.jpg','2023-11-11','2023-11-11',0),
    (79,35,187,null,'like','https://invitro.ca/api/reaction/like.jpg','2023-10-19','2023-10-19',0),
    (80,7,74,null,'heart','https://invitro.ca/api/reaction/heart.jpg','2023-06-25','2023-06-25',0),
    (81,33,25,null,'like','https://invitro.ca/api/reaction/like.jpg','2023-04-23','2023-04-23',0),
    (82,27,null,485,'like','https://invitro.ca/api/reaction/like.jpg','2023-06-09','2023-06-09',0),
    (83,23,null,65,'heart','https://invitro.ca/api/reaction/heart.jpg','2023-10-30','2023-10-30',0),
    (84,6,null,395,'like','https://invitro.ca/api/reaction/like.jpg','2023-02-09','2023-02-09',0),
    (85,37,null,352,'heart','https://invitro.ca/api/reaction/heart.jpg','2023-01-02','2023-01-02',0),
    (86,29,176,null,'like','https://invitro.ca/api/reaction/like.jpg','2023-04-09','2023-04-09',0),
    (87,19,null,212,'wow','https://invitro.ca/api/reaction/wow.jpg','2023-06-09','2023-06-09',0),
    (88,7,null,488,'heart','https://invitro.ca/api/reaction/heart.jpg','2023-10-28','2023-10-28',0),
    (89,41,null,198,'like','https://invitro.ca/api/reaction/like.jpg','2023-04-02','2023-04-02',0),
    (90,1,112,null,'heart','https://invitro.ca/api/reaction/heart.jpg','2023-11-02','2023-11-02',0),
    (91,22,70,null,'like','https://invitro.ca/api/reaction/like.jpg','2023-11-08','2023-11-08',0),
    (92,44,null,263,'heart','https://invitro.ca/api/reaction/heart.jpg','2023-06-04','2023-06-04',0),
    (93,23,null,240,'wow','https://invitro.ca/api/reaction/wow.jpg','2023-07-28','2023-07-28',0),
    (94,39,121,null,'wow','https://invitro.ca/api/reaction/wow.jpg','2023-11-20','2023-11-20',0),
    (95,19,112,null,'wow','https://invitro.ca/api/reaction/wow.jpg','2023-11-02','2023-11-02',0),
    (96,8,8,null,'wow','https://invitro.ca/api/reaction/wow.jpg','2023-05-27','2023-05-27',0),
    (97,35,99,null,'heart','https://invitro.ca/api/reaction/heart.jpg','2023-10-04','2023-10-04',0),
    (98,25,null,406,'like','https://invitro.ca/api/reaction/like.jpg','2023-12-01','2023-12-02',0),
    (99,25,null,152,'like','https://invitro.ca/api/reaction/like.jpg','2023-02-14','2023-02-14',0),
    (100,28,107,null,'heart','https://invitro.ca/api/reaction/heart.jpg','2023-05-11','2023-05-11',0),
    (101,32,null,142,'like','https://invitro.ca/api/reaction/like.jpg','2023-10-19','2023-10-19',0),
    (102,28,6,null,'like','https://invitro.ca/api/reaction/like.jpg','2023-12-05','2023-12-05',0),
    (103,11,null,482,'wow','https://invitro.ca/api/reaction/wow.jpg','2023-11-10','2023-11-10',0),
    (104,21,37,null,'like','https://invitro.ca/api/reaction/like.jpg','2023-01-17','2023-01-17',0),
    (105,13,null,489,'wow','https://invitro.ca/api/reaction/wow.jpg','2023-04-15','2023-04-15',0),
    (106,17,82,null,'wow','https://invitro.ca/api/reaction/wow.jpg','2023-06-03','2023-06-03',0),
    (107,23,12,null,'heart','https://invitro.ca/api/reaction/heart.jpg','2023-06-23','2023-06-23',0),
    (108,11,147,null,'heart','https://invitro.ca/api/reaction/heart.jpg','2023-03-11','2023-03-11',0),
    (109,35,145,null,'wow','https://invitro.ca/api/reaction/wow.jpg','2023-04-05','2023-04-05',0),
    (110,41,122,null,'heart','https://invitro.ca/api/reaction/heart.jpg','2023-11-26','2023-11-26',0),
    (111,11,115,null,'like','https://invitro.ca/api/reaction/like.jpg','2023-05-01','2023-05-01',0),
    (112,10,112,null,'wow','https://invitro.ca/api/reaction/wow.jpg','2023-11-02','2023-11-02',0),
    (113,7,null,5,'wow','https://invitro.ca/api/reaction/wow.jpg','2023-04-23','2023-04-23',0),
    (114,10,null,238,'heart','https://invitro.ca/api/reaction/heart.jpg','2023-09-14','2023-09-15',0),
    (115,14,141,null,'like','https://invitro.ca/api/reaction/like.jpg','2023-06-18','2023-06-18',0),
    (116,18,156,null,'like','https://invitro.ca/api/reaction/like.jpg','2023-11-04','2023-11-04',0),
    (117,40,36,null,'wow','https://invitro.ca/api/reaction/wow.jpg','2023-06-15','2023-06-15',0),
    (118,23,160,null,'wow','https://invitro.ca/api/reaction/wow.jpg','2023-07-09','2023-07-09',0),
    (119,47,null,214,'wow','https://invitro.ca/api/reaction/wow.jpg','2023-05-26','2023-05-26',0),
    (120,42,null,59,'wow','https://invitro.ca/api/reaction/wow.jpg','2023-07-14','2023-07-14',0),
    (121,17,null,301,'heart','https://invitro.ca/api/reaction/heart.jpg','2023-08-03','2023-08-03',0),
    (122,34,null,387,'wow','https://invitro.ca/api/reaction/wow.jpg','2023-04-23','2023-04-23',1),
    (123,3,null,95,'heart','https://invitro.ca/api/reaction/heart.jpg','2023-10-25','2023-10-25',1),
    (124,31,null,326,'heart','https://invitro.ca/api/reaction/heart.jpg','2023-03-26','2023-03-26',0),
    (125,23,null,108,'wow','https://invitro.ca/api/reaction/wow.jpg','2023-07-28','2023-07-28',0),
    (126,43,null,223,'heart','https://invitro.ca/api/reaction/heart.jpg','2023-11-17','2023-11-17',0),
    (127,21,null,192,'like','https://invitro.ca/api/reaction/like.jpg','2023-06-18','2023-06-18',0),
    (128,25,10,null,'wow','https://invitro.ca/api/reaction/wow.jpg','2023-11-18','2023-11-18',0),
    (129,10,31,null,'wow','https://invitro.ca/api/reaction/wow.jpg','2023-09-12','2023-09-13',0),
    (130,23,99,null,'heart','https://invitro.ca/api/reaction/heart.jpg','2023-10-04','2023-10-04',0),
    (131,6,null,252,'wow','https://invitro.ca/api/reaction/wow.jpg','2023-05-26','2023-05-27',0),
    (132,2,null,97,'heart','https://invitro.ca/api/reaction/heart.jpg','2023-10-28','2023-10-28',0),
    (133,42,122,null,'wow','https://invitro.ca/api/reaction/wow.jpg','2023-11-26','2023-11-26',0),
    (134,26,null,348,'like','https://invitro.ca/api/reaction/like.jpg','2023-04-02','2023-04-02',0),
    (135,40,null,148,'wow','https://invitro.ca/api/reaction/wow.jpg','2023-06-09','2023-06-09',0),
    (136,49,null,209,'heart','https://invitro.ca/api/reaction/heart.jpg','2023-01-06','2023-01-06',0),
    (137,8,55,null,'wow','https://invitro.ca/api/reaction/wow.jpg','2023-12-30','2023-12-30',0),
    (138,46,null,95,'wow','https://invitro.ca/api/reaction/wow.jpg','2023-10-25','2023-10-25',0),
    (139,8,129,null,'like','https://invitro.ca/api/reaction/like.jpg','2023-07-15','2023-07-15',0),
    (140,11,null,284,'like','https://invitro.ca/api/reaction/like.jpg','2023-12-01','2023-12-01',0),
    (141,10,null,343,'wow','https://invitro.ca/api/reaction/wow.jpg','2023-10-19','2023-10-19',0),
    (142,18,1,null,'like','https://invitro.ca/api/reaction/like.jpg','2023-04-17','2023-04-17',0),
    (143,2,166,null,'wow','https://invitro.ca/api/reaction/wow.jpg','2023-10-05','2023-10-05',0),
    (144,17,112,null,'like','https://invitro.ca/api/reaction/like.jpg','2023-11-02','2023-11-02',0),
    (145,23,74,null,'wow','https://invitro.ca/api/reaction/wow.jpg','2023-06-25','2023-06-25',0),
    (146,49,null,244,'heart','https://invitro.ca/api/reaction/heart.jpg','2023-10-28','2023-10-28',0),
    (147,28,141,null,'heart','https://invitro.ca/api/reaction/heart.jpg','2023-06-18','2023-06-18',0),
    (148,27,112,null,'heart','https://invitro.ca/api/reaction/heart.jpg','2023-11-02','2023-11-02',0),
    (149,15,126,null,'like','https://invitro.ca/api/reaction/like.jpg','2023-12-03','2023-12-03',0),
    (150,28,8,null,'like','https://invitro.ca/api/reaction/like.jpg','2023-05-27','2023-05-27',0),
    (151,2,52,null,'heart','https://invitro.ca/api/reaction/heart.jpg','2023-01-22','2023-01-22',0),
    (152,49,159,null,'like','https://invitro.ca/api/reaction/like.jpg','2023-02-15','2023-02-15',0),
    (153,36,84,null,'wow','https://invitro.ca/api/reaction/wow.jpg','2023-08-27','2023-08-27',0),
    (154,41,120,null,'heart','https://invitro.ca/api/reaction/heart.jpg','2023-09-19','2023-09-19',0),
    (155,20,null,298,'wow','https://invitro.ca/api/reaction/wow.jpg','2023-06-09','2023-06-09',0),
    (156,46,null,386,'heart','https://invitro.ca/api/reaction/heart.jpg','2023-02-14','2023-02-15',0),
    (157,38,115,null,'like','https://invitro.ca/api/reaction/like.jpg','2023-05-01','2023-05-01',0),
    (158,45,58,null,'like','https://invitro.ca/api/reaction/like.jpg','2023-10-22','2023-10-22',0),
    (159,45,91,null,'heart','https://invitro.ca/api/reaction/heart.jpg','2023-05-06','2023-05-06',0),
    (160,14,99,null,'wow','https://invitro.ca/api/reaction/wow.jpg','2023-10-04','2023-10-04',0),
    (161,23,112,null,'wow','https://invitro.ca/api/reaction/wow.jpg','2023-11-02','2023-11-02',0),
    (162,45,197,null,'heart','https://invitro.ca/api/reaction/heart.jpg','2023-03-07','2023-03-07',0),
    (163,30,97,null,'like','https://invitro.ca/api/reaction/like.jpg','2023-08-12','2023-08-12',0),
    (164,40,null,210,'like','https://invitro.ca/api/reaction/like.jpg','2023-04-16','2023-04-16',0),
    (165,36,null,298,'wow','https://invitro.ca/api/reaction/wow.jpg','2023-06-09','2023-06-09',0),
    (166,23,95,null,'wow','https://invitro.ca/api/reaction/wow.jpg','2023-11-19','2023-11-19',0),
    (167,17,28,null,'heart','https://invitro.ca/api/reaction/heart.jpg','2023-08-10','2023-08-10',0),
    (168,19,null,116,'heart','https://invitro.ca/api/reaction/heart.jpg','2023-02-09','2023-02-10',0),
    (169,35,null,288,'heart','https://invitro.ca/api/reaction/heart.jpg','2023-07-05','2023-07-05',0),
    (170,30,9,null,'like','https://invitro.ca/api/reaction/like.jpg','2023-05-31','2023-05-31',0),
    (171,11,null,310,'heart','https://invitro.ca/api/reaction/heart.jpg','2023-07-20','2023-07-20',0),
    (172,34,null,499,'wow','https://invitro.ca/api/reaction/wow.jpg','2023-06-04','2023-06-04',0),
    (173,16,69,null,'heart','https://invitro.ca/api/reaction/heart.jpg','2023-06-03','2023-06-04',0),
    (174,31,148,null,'wow','https://invitro.ca/api/reaction/wow.jpg','2023-11-23','2023-11-23',0),
    (175,9,null,481,'like','https://invitro.ca/api/reaction/like.jpg','2023-07-28','2023-07-29',0),
    (176,41,112,null,'like','https://invitro.ca/api/reaction/like.jpg','2023-11-02','2023-11-02',0),
    (177,18,112,null,'wow','https://invitro.ca/api/reaction/wow.jpg','2023-11-02','2023-11-02',0),
    (178,30,null,334,'heart','https://invitro.ca/api/reaction/heart.jpg','2023-01-02','2023-01-02',0),
    (179,45,9,null,'like','https://invitro.ca/api/reaction/like.jpg','2023-05-31','2023-05-31',0),
    (180,12,null,330,'heart','https://invitro.ca/api/reaction/heart.jpg','2023-02-14','2023-02-14',0),
    (181,30,67,null,'like','https://invitro.ca/api/reaction/like.jpg','2023-08-12','2023-08-12',0),
    (182,23,null,310,'like','https://invitro.ca/api/reaction/like.jpg','2023-07-20','2023-07-20',0),
    (183,16,null,83,'wow','https://invitro.ca/api/reaction/wow.jpg','2023-05-07','2023-05-07',0),
    (184,8,83,null,'like','https://invitro.ca/api/reaction/like.jpg','2023-06-27','2023-06-27',0),
    (185,15,13,null,'wow','https://invitro.ca/api/reaction/wow.jpg','2023-01-12','2023-01-12',0),
    (186,33,70,null,'heart','https://invitro.ca/api/reaction/heart.jpg','2023-11-08','2023-11-08',1),
    (187,8,null,202,'like','https://invitro.ca/api/reaction/like.jpg','2023-06-09','2023-06-09',0),
    (188,42,8,null,'heart','https://invitro.ca/api/reaction/heart.jpg','2023-05-27','2023-05-27',0),
    (189,1,140,null,'heart','https://invitro.ca/api/reaction/heart.jpg','2023-04-10','2023-04-10',0),
    (190,29,65,null,'wow','https://invitro.ca/api/reaction/wow.jpg','2023-05-14','2023-05-15',0),
    (191,12,69,null,'wow','https://invitro.ca/api/reaction/wow.jpg','2023-06-03','2023-06-03',0),
    (192,19,55,null,'heart','https://invitro.ca/api/reaction/heart.jpg','2023-12-30','2023-12-30',0),
    (193,36,9,null,'like','https://invitro.ca/api/reaction/like.jpg','2023-05-31','2023-05-31',0),
    (194,11,68,null,'wow','https://invitro.ca/api/reaction/wow.jpg','2023-08-24','2023-08-24',0),
    (195,32,null,67,'heart','https://invitro.ca/api/reaction/heart.jpg','2023-04-20','2023-04-20',0),
    (196,33,null,278,'wow','https://invitro.ca/api/reaction/wow.jpg','2023-12-30','2023-12-31',0),
    (197,36,null,172,'heart','https://invitro.ca/api/reaction/heart.jpg','2023-04-15','2023-04-15',0),
    (198,1,null,278,'heart','https://invitro.ca/api/reaction/heart.jpg','2023-12-30','2023-12-30',0),
    (199,23,null,23,'like','https://invitro.ca/api/reaction/like.jpg','2023-09-16','2023-09-16',0),
    (200,41,null,12,'wow','https://invitro.ca/api/reaction/wow.jpg','2023-02-20','2023-02-20',0),
    (201,8,101,null,'heart','https://invitro.ca/api/reaction/heart.jpg','2023-02-19','2023-02-19',0),
    (202,8,70,null,'like','https://invitro.ca/api/reaction/like.jpg','2023-11-08','2023-11-08',0),
    (203,42,null,341,'heart','https://invitro.ca/api/reaction/heart.jpg','2023-01-22','2023-01-22',0),
    (204,8,null,159,'heart','https://invitro.ca/api/reaction/heart.jpg','2023-07-28','2023-07-28',0),
    (205,23,null,460,'wow','https://invitro.ca/api/reaction/wow.jpg','2023-02-09','2023-02-09',0),
    (206,40,null,322,'like','https://invitro.ca/api/reaction/like.jpg','2023-02-01','2023-02-01',0),
    (207,13,200,null,'wow','https://invitro.ca/api/reaction/wow.jpg','2023-10-12','2023-10-12',0),
    (208,49,109,null,'wow','https://invitro.ca/api/reaction/wow.jpg','2023-04-17','2023-04-18',0),
    (209,6,13,null,'wow','https://invitro.ca/api/reaction/wow.jpg','2023-01-12','2023-01-12',0),
    (210,38,null,473,'heart','https://invitro.ca/api/reaction/heart.jpg','2023-10-19','2023-10-19',0),
    (211,26,154,null,'heart','https://invitro.ca/api/reaction/heart.jpg','2023-07-19','2023-07-19',0),
    (212,42,null,479,'heart','https://invitro.ca/api/reaction/heart.jpg','2023-06-18','2023-06-18',0),
    (213,26,null,3,'wow','https://invitro.ca/api/reaction/wow.jpg','2023-04-16','2023-04-16',0),
    (214,14,null,69,'heart','https://invitro.ca/api/reaction/heart.jpg','2023-02-20','2023-02-20',0),
    (215,39,129,null,'wow','https://invitro.ca/api/reaction/wow.jpg','2023-07-15','2023-07-15',0),
    (216,47,112,null,'like','https://invitro.ca/api/reaction/like.jpg','2023-11-02','2023-11-02',0),
    (217,23,null,381,'like','https://invitro.ca/api/reaction/like.jpg','2023-09-16','2023-09-16',0),
    (218,38,9,null,'heart','https://invitro.ca/api/reaction/heart.jpg','2023-05-31','2023-05-31',0),
    (219,46,null,411,'heart','https://invitro.ca/api/reaction/heart.jpg','2023-07-28','2023-07-28',0),
    (220,2,70,null,'like','https://invitro.ca/api/reaction/like.jpg','2023-11-08','2023-11-08',0),
    (221,28,184,null,'like','https://invitro.ca/api/reaction/like.jpg','2023-09-03','2023-09-03',0),
    (222,10,null,439,'like','https://invitro.ca/api/reaction/like.jpg','2023-01-13','2023-01-13',0),
    (223,50,null,434,'heart','https://invitro.ca/api/reaction/heart.jpg','2023-04-23','2023-04-23',0),
    (224,27,8,null,'like','https://invitro.ca/api/reaction/like.jpg','2023-05-27','2023-05-27',0),
    (225,34,null,414,'like','https://invitro.ca/api/reaction/like.jpg','2023-01-06','2023-01-06',0),
    (226,8,null,404,'like','https://invitro.ca/api/reaction/like.jpg','2023-09-08','2023-09-08',0),
    (227,12,39,null,'heart','https://invitro.ca/api/reaction/heart.jpg','2023-11-06','2023-11-06',0),
    (228,23,146,null,'wow','https://invitro.ca/api/reaction/wow.jpg','2023-02-03','2023-02-03',0),
    (229,46,48,null,'like','https://invitro.ca/api/reaction/like.jpg','2023-05-10','2023-05-10',0),
    (230,40,138,null,'wow','https://invitro.ca/api/reaction/wow.jpg','2023-09-29','2023-09-29',0),
    (231,5,91,null,'heart','https://invitro.ca/api/reaction/heart.jpg','2023-05-06','2023-05-06',0),
    (232,41,null,75,'like','https://invitro.ca/api/reaction/like.jpg','2023-02-09','2023-02-09',0),
    (233,23,null,265,'wow','https://invitro.ca/api/reaction/wow.jpg','2023-09-14','2023-09-15',0),
    (234,46,null,222,'heart','https://invitro.ca/api/reaction/heart.jpg','2023-07-20','2023-07-20',0),
    (235,8,178,null,'heart','https://invitro.ca/api/reaction/heart.jpg','2023-05-16','2023-05-16',0),
    (236,49,70,null,'wow','https://invitro.ca/api/reaction/wow.jpg','2023-11-08','2023-11-08',0),
    (237,8,76,null,'like','https://invitro.ca/api/reaction/like.jpg','2023-05-13','2023-05-13',0),
    (238,41,null,216,'wow','https://invitro.ca/api/reaction/wow.jpg','2023-05-28','2023-05-28',0),
    (239,32,null,75,'wow','https://invitro.ca/api/reaction/wow.jpg','2023-02-09','2023-02-09',0),
    (240,5,null,168,'heart','https://invitro.ca/api/reaction/heart.jpg','2023-12-30','2023-12-30',0),
    (241,34,null,458,'heart','https://invitro.ca/api/reaction/heart.jpg','2023-01-30','2023-01-30',0),
    (242,43,9,null,'like','https://invitro.ca/api/reaction/like.jpg','2023-05-31','2023-05-31',0),
    (243,8,null,2,'like','https://invitro.ca/api/reaction/like.jpg','2023-02-01','2023-02-01',0),
    (244,5,112,null,'heart','https://invitro.ca/api/reaction/heart.jpg','2023-11-02','2023-11-02',0),
    (245,40,null,61,'heart','https://invitro.ca/api/reaction/heart.jpg','2023-01-30','2023-01-31',0),
    (246,23,112,null,'like','https://invitro.ca/api/reaction/like.jpg','2023-11-02','2023-11-02',0),
    (247,36,50,null,'heart','https://invitro.ca/api/reaction/heart.jpg','2023-08-15','2023-08-15',0),
    (248,22,72,null,'wow','https://invitro.ca/api/reaction/wow.jpg','2023-08-15','2023-08-15',0),
    (249,7,null,277,'heart','https://invitro.ca/api/reaction/heart.jpg','2023-03-03','2023-03-03',0),
    (250,9,null,32,'wow','https://invitro.ca/api/reaction/wow.jpg','2023-07-14','2023-07-14',1),
    (251,23,null,242,'wow','https://invitro.ca/api/reaction/wow.jpg','2023-01-13','2023-01-13',0),
    (252,29,79,null,'wow','https://invitro.ca/api/reaction/wow.jpg','2023-10-06','2023-10-06',0),
    (253,2,37,null,'heart','https://invitro.ca/api/reaction/heart.jpg','2023-01-17','2023-01-18',0),
    (254,40,106,null,'heart','https://invitro.ca/api/reaction/heart.jpg','2023-11-01','2023-11-01',0),
    (255,2,null,375,'like','https://invitro.ca/api/reaction/like.jpg','2023-12-01','2023-12-01',0),
    (256,26,null,323,'wow','https://invitro.ca/api/reaction/wow.jpg','2023-04-16','2023-04-16',0),
    (257,47,112,null,'like','https://invitro.ca/api/reaction/like.jpg','2023-11-02','2023-11-02',0),
    (258,8,88,null,'heart','https://invitro.ca/api/reaction/heart.jpg','2023-04-22','2023-04-22',0),
    (259,48,null,230,'heart','https://invitro.ca/api/reaction/heart.jpg','2023-01-02','2023-01-02',0),
    (260,48,null,222,'like','https://invitro.ca/api/reaction/like.jpg','2023-07-20','2023-07-20',0),
    (261,27,72,null,'heart','https://invitro.ca/api/reaction/heart.jpg','2023-08-15','2023-08-15',0),
    (262,9,178,null,'heart','https://invitro.ca/api/reaction/heart.jpg','2023-05-16','2023-05-16',0),
    (263,37,167,null,'wow','https://invitro.ca/api/reaction/wow.jpg','2023-04-19','2023-04-19',0),
    (264,19,null,364,'heart','https://invitro.ca/api/reaction/heart.jpg','2023-06-04','2023-06-04',0),
    (265,8,8,null,'wow','https://invitro.ca/api/reaction/wow.jpg','2023-05-27','2023-05-27',0),
    (266,23,null,103,'wow','https://invitro.ca/api/reaction/wow.jpg','2023-11-11','2023-11-11',0),
    (267,21,null,215,'like','https://invitro.ca/api/reaction/like.jpg','2023-02-20','2023-02-20',0),
    (268,48,8,null,'like','https://invitro.ca/api/reaction/like.jpg','2023-05-27','2023-05-27',0),
    (269,18,null,249,'wow','https://invitro.ca/api/reaction/wow.jpg','2023-04-15','2023-04-15',0),
    (270,13,9,null,'heart','https://invitro.ca/api/reaction/heart.jpg','2023-05-31','2023-05-31',0),
    (271,4,70,null,'heart','https://invitro.ca/api/reaction/heart.jpg','2023-11-08','2023-11-08',0),
    (272,19,104,null,'heart','https://invitro.ca/api/reaction/heart.jpg','2023-11-14','2023-11-14',0),
    (273,49,154,null,'heart','https://invitro.ca/api/reaction/heart.jpg','2023-07-19','2023-07-19',0),
    (274,8,null,409,'like','https://invitro.ca/api/reaction/like.jpg','2023-11-11','2023-11-11',0),
    (275,48,159,null,'wow','https://invitro.ca/api/reaction/wow.jpg','2023-02-15','2023-02-15',0),
    (276,40,168,null,'like','https://invitro.ca/api/reaction/like.jpg','2023-04-24','2023-04-24',0),
    (277,47,54,null,'wow','https://invitro.ca/api/reaction/wow.jpg','2023-05-16','2023-05-16',0),
    (278,11,null,4,'like','https://invitro.ca/api/reaction/like.jpg','2023-04-20','2023-04-21',0),
    (279,4,null,223,'heart','https://invitro.ca/api/reaction/heart.jpg','2023-11-17','2023-11-17',0),
    (280,11,40,null,'wow','https://invitro.ca/api/reaction/wow.jpg','2023-05-27','2023-05-27',0),
    (281,21,76,null,'heart','https://invitro.ca/api/reaction/heart.jpg','2023-05-13','2023-05-13',0),
    (282,14,27,null,'like','https://invitro.ca/api/reaction/like.jpg','2023-05-24','2023-05-24',0),
    (283,27,174,null,'heart','https://invitro.ca/api/reaction/heart.jpg','2023-08-14','2023-08-14',0),
    (284,45,112,null,'like','https://invitro.ca/api/reaction/like.jpg','2023-11-02','2023-11-02',0),
    (285,7,107,null,'wow','https://invitro.ca/api/reaction/wow.jpg','2023-05-11','2023-05-11',0),
    (286,23,null,270,'like','https://invitro.ca/api/reaction/like.jpg','2023-10-28','2023-10-28',0),
    (287,40,147,null,'heart','https://invitro.ca/api/reaction/heart.jpg','2023-03-11','2023-03-11',1),
    (288,8,null,170,'like','https://invitro.ca/api/reaction/like.jpg','2023-01-30','2023-01-30',0),
    (289,7,189,null,'like','https://invitro.ca/api/reaction/like.jpg','2023-12-20','2023-12-20',1),
    (290,29,114,null,'like','https://invitro.ca/api/reaction/like.jpg','2023-11-25','2023-11-25',0),
    (291,32,null,257,'wow','https://invitro.ca/api/reaction/wow.jpg','2023-07-14','2023-07-14',0),
    (292,34,47,null,'wow','https://invitro.ca/api/reaction/wow.jpg','2023-05-10','2023-05-10',0),
    (293,30,null,7,'heart','https://invitro.ca/api/reaction/heart.jpg','2023-01-22','2023-01-22',0),
    (294,16,null,285,'like','https://invitro.ca/api/reaction/like.jpg','2023-04-23','2023-04-24',0),
    (295,50,null,13,'wow','https://invitro.ca/api/reaction/wow.jpg','2023-07-05','2023-07-05',0),
    (296,33,106,null,'wow','https://invitro.ca/api/reaction/wow.jpg','2023-11-01','2023-11-01',0),
    (297,36,15,null,'like','https://invitro.ca/api/reaction/like.jpg','2023-06-22','2023-06-22',0),
    (298,31,null,3,'like','https://invitro.ca/api/reaction/like.jpg','2023-04-16','2023-04-16',0),
    (299,4,null,73,'wow','https://invitro.ca/api/reaction/wow.jpg','2023-09-08','2023-09-08',0),
    (300,11,null,263,'like','https://invitro.ca/api/reaction/like.jpg','2023-06-04','2023-06-04',0),
    (301,38,null,106,'like','https://invitro.ca/api/reaction/like.jpg','2023-04-20','2023-04-20',0),
    (302,20,null,49,'wow','https://invitro.ca/api/reaction/wow.jpg','2023-04-20','2023-04-21',0),
    (303,47,null,241,'wow','https://invitro.ca/api/reaction/wow.jpg','2023-07-28','2023-07-28',0),
    (304,11,145,null,'like','https://invitro.ca/api/reaction/like.jpg','2023-04-05','2023-04-05',0),
    (305,31,null,258,'heart','https://invitro.ca/api/reaction/heart.jpg','2023-11-17','2023-11-17',0),
    (306,33,null,305,'wow','https://invitro.ca/api/reaction/wow.jpg','2023-01-13','2023-01-13',0),
    (307,40,8,null,'like','https://invitro.ca/api/reaction/like.jpg','2023-05-27','2023-05-27',0),
    (308,24,40,null,'wow','https://invitro.ca/api/reaction/wow.jpg','2023-05-27','2023-05-27',0),
    (309,32,null,385,'wow','https://invitro.ca/api/reaction/wow.jpg','2023-02-20','2023-02-20',0),
    (310,20,null,470,'like','https://invitro.ca/api/reaction/like.jpg','2023-06-04','2023-06-05',0),
    (311,14,null,94,'like','https://invitro.ca/api/reaction/like.jpg','2023-07-05','2023-07-06',0),
    (312,11,null,311,'like','https://invitro.ca/api/reaction/like.jpg','2023-05-05','2023-05-05',0),
    (313,37,null,182,'heart','https://invitro.ca/api/reaction/heart.jpg','2023-01-02','2023-01-02',0),
    (314,4,null,380,'like','https://invitro.ca/api/reaction/like.jpg','2023-10-30','2023-10-30',0),
    (315,33,70,null,'wow','https://invitro.ca/api/reaction/wow.jpg','2023-11-08','2023-11-08',0),
    (316,31,null,88,'like','https://invitro.ca/api/reaction/like.jpg','2023-04-16','2023-04-16',0),
    (317,17,119,null,'like','https://invitro.ca/api/reaction/like.jpg','2023-08-09','2023-08-09',0),
    (318,20,9,null,'wow','https://invitro.ca/api/reaction/wow.jpg','2023-05-31','2023-05-31',0),
    (319,49,null,491,'like','https://invitro.ca/api/reaction/like.jpg','2023-10-28','2023-10-28',0),
    (320,23,189,null,'wow','https://invitro.ca/api/reaction/wow.jpg','2023-12-20','2023-12-20',0),
    (321,47,171,null,'heart','https://invitro.ca/api/reaction/heart.jpg','2023-11-15','2023-11-15',0),
    (322,29,null,85,'like','https://invitro.ca/api/reaction/like.jpg','2023-09-25','2023-09-25',0),
    (323,1,112,null,'like','https://invitro.ca/api/reaction/like.jpg','2023-11-02','2023-11-02',0),
    (324,42,null,448,'heart','https://invitro.ca/api/reaction/heart.jpg','2023-12-01','2023-12-01',0),
    (325,11,70,null,'like','https://invitro.ca/api/reaction/like.jpg','2023-11-08','2023-11-09',0),
    (326,20,112,null,'like','https://invitro.ca/api/reaction/like.jpg','2023-11-02','2023-11-02',0),
    (327,50,null,271,'heart','https://invitro.ca/api/reaction/heart.jpg','2023-01-02','2023-01-02',0),
    (328,33,null,337,'wow','https://invitro.ca/api/reaction/wow.jpg','2023-02-20','2023-02-20',0),
    (329,32,null,219,'heart','https://invitro.ca/api/reaction/heart.jpg','2023-04-11','2023-04-11',0),
    (330,3,161,null,'heart','https://invitro.ca/api/reaction/heart.jpg','2023-10-24','2023-10-24',0),
    (331,11,58,null,'heart','https://invitro.ca/api/reaction/heart.jpg','2023-10-22','2023-10-22',0),
    (332,37,null,105,'heart','https://invitro.ca/api/reaction/heart.jpg','2023-10-25','2023-10-25',0),
    (333,27,187,null,'wow','https://invitro.ca/api/reaction/wow.jpg','2023-10-19','2023-10-19',0),
    (334,33,null,35,'like','https://invitro.ca/api/reaction/like.jpg','2023-09-14','2023-09-14',0),
    (335,17,113,null,'wow','https://invitro.ca/api/reaction/wow.jpg','2023-07-08','2023-07-08',0),
    (336,42,null,402,'like','https://invitro.ca/api/reaction/like.jpg','2023-09-16','2023-09-17',0),
    (337,10,111,null,'heart','https://invitro.ca/api/reaction/heart.jpg','2023-09-26','2023-09-26',0),
    (338,36,null,217,'heart','https://invitro.ca/api/reaction/heart.jpg','2023-04-02','2023-04-02',0),
    (339,36,null,52,'like','https://invitro.ca/api/reaction/like.jpg','2023-10-25','2023-10-26',0),
    (340,7,null,55,'like','https://invitro.ca/api/reaction/like.jpg','2023-02-14','2023-02-14',0),
    (341,33,135,null,'like','https://invitro.ca/api/reaction/like.jpg','2023-12-30','2023-12-30',0),
    (342,24,null,367,'like','https://invitro.ca/api/reaction/like.jpg','2023-07-24','2023-07-24',0),
    (343,14,1,null,'wow','https://invitro.ca/api/reaction/wow.jpg','2023-04-17','2023-04-18',0),
    (344,45,null,190,'heart','https://invitro.ca/api/reaction/heart.jpg','2023-01-30','2023-01-30',0),
    (345,43,70,null,'like','https://invitro.ca/api/reaction/like.jpg','2023-11-08','2023-11-08',0),
    (346,16,17,null,'wow','https://invitro.ca/api/reaction/wow.jpg','2023-05-14','2023-05-14',0),
    (347,3,8,null,'wow','https://invitro.ca/api/reaction/wow.jpg','2023-05-27','2023-05-27',0),
    (348,49,30,null,'heart','https://invitro.ca/api/reaction/heart.jpg','2023-11-24','2023-11-24',0),
    (349,38,null,370,'like','https://invitro.ca/api/reaction/like.jpg','2023-06-04','2023-06-04',0),
    (350,22,97,null,'wow','https://invitro.ca/api/reaction/wow.jpg','2023-08-12','2023-08-12',0),
    (351,22,null,114,'wow','https://invitro.ca/api/reaction/wow.jpg','2023-04-15','2023-04-15',0),
    (352,3,89,null,'heart','https://invitro.ca/api/reaction/heart.jpg','2023-08-21','2023-08-21',0),
    (353,41,null,199,'wow','https://invitro.ca/api/reaction/wow.jpg','2023-03-03','2023-03-03',0),
    (354,14,167,null,'wow','https://invitro.ca/api/reaction/wow.jpg','2023-04-19','2023-04-19',0),
    (355,24,113,null,'wow','https://invitro.ca/api/reaction/wow.jpg','2023-07-08','2023-07-08',0),
    (356,29,null,400,'wow','https://invitro.ca/api/reaction/wow.jpg','2023-04-11','2023-04-11',0),
    (357,4,98,null,'heart','https://invitro.ca/api/reaction/heart.jpg','2023-10-29','2023-10-29',0),
    (358,34,null,427,'wow','https://invitro.ca/api/reaction/wow.jpg','2023-03-26','2023-03-26',0),
    (359,38,170,null,'like','https://invitro.ca/api/reaction/like.jpg','2023-04-20','2023-04-20',0),
    (360,11,134,null,'like','https://invitro.ca/api/reaction/like.jpg','2023-10-10','2023-10-11',0),
    (361,47,null,77,'heart','https://invitro.ca/api/reaction/heart.jpg','2023-09-25','2023-09-25',0),
    (362,11,90,null,'like','https://invitro.ca/api/reaction/like.jpg','2023-09-29','2023-09-29',0),
    (363,48,108,null,'wow','https://invitro.ca/api/reaction/wow.jpg','2023-08-17','2023-08-17',0),
    (364,14,70,null,'heart','https://invitro.ca/api/reaction/heart.jpg','2023-11-08','2023-11-08',0),
    (365,38,null,480,'wow','https://invitro.ca/api/reaction/wow.jpg','2023-06-07','2023-06-07',0),
    (366,23,null,454,'heart','https://invitro.ca/api/reaction/heart.jpg','2023-10-03','2023-10-03',0),
    (367,24,9,null,'heart','https://invitro.ca/api/reaction/heart.jpg','2023-05-31','2023-05-31',0),
    (368,41,112,null,'like','https://invitro.ca/api/reaction/like.jpg','2023-11-02','2023-11-02',0),
    (369,28,171,null,'wow','https://invitro.ca/api/reaction/wow.jpg','2023-11-15','2023-11-16',0),
    (370,33,null,250,'heart','https://invitro.ca/api/reaction/heart.jpg','2023-06-18','2023-06-18',0),
    (371,20,152,null,'heart','https://invitro.ca/api/reaction/heart.jpg','2023-02-05','2023-02-05',0),
    (372,47,null,282,'wow','https://invitro.ca/api/reaction/wow.jpg','2023-10-19','2023-10-19',0),
    (373,20,157,null,'wow','https://invitro.ca/api/reaction/wow.jpg','2023-05-08','2023-05-08',0),
    (374,23,113,null,'like','https://invitro.ca/api/reaction/like.jpg','2023-07-08','2023-07-08',0),
    (375,37,null,104,'like','https://invitro.ca/api/reaction/like.jpg','2023-06-04','2023-06-04',0),
    (376,11,59,null,'like','https://invitro.ca/api/reaction/like.jpg','2023-05-06','2023-05-06',0),
    (377,32,null,205,'wow','https://invitro.ca/api/reaction/wow.jpg','2023-09-14','2023-09-14',0),
    (378,17,130,null,'heart','https://invitro.ca/api/reaction/heart.jpg','2023-11-07','2023-11-07',0),
    (379,23,50,null,'like','https://invitro.ca/api/reaction/like.jpg','2023-08-15','2023-08-15',1),
    (380,7,1,null,'heart','https://invitro.ca/api/reaction/heart.jpg','2023-04-17','2023-04-17',0),
    (381,18,130,null,'heart','https://invitro.ca/api/reaction/heart.jpg','2023-11-07','2023-11-07',0),
    (382,4,200,null,'wow','https://invitro.ca/api/reaction/wow.jpg','2023-10-12','2023-10-12',0),
    (383,24,61,null,'like','https://invitro.ca/api/reaction/like.jpg','2023-04-30','2023-04-30',0),
    (384,21,113,null,'like','https://invitro.ca/api/reaction/like.jpg','2023-07-08','2023-07-08',0),
    (385,28,70,null,'like','https://invitro.ca/api/reaction/like.jpg','2023-11-08','2023-11-08',0),
    (386,45,10,null,'like','https://invitro.ca/api/reaction/like.jpg','2023-11-18','2023-11-19',0),
    (387,26,null,326,'like','https://invitro.ca/api/reaction/like.jpg','2023-03-26','2023-03-26',0),
    (388,11,null,244,'wow','https://invitro.ca/api/reaction/wow.jpg','2023-10-28','2023-10-28',0),
    (389,24,null,48,'heart','https://invitro.ca/api/reaction/heart.jpg','2023-09-14','2023-09-14',0),
    (390,35,64,null,'like','https://invitro.ca/api/reaction/like.jpg','2023-08-04','2023-08-04',0),
    (391,14,43,null,'wow','https://invitro.ca/api/reaction/wow.jpg','2023-11-13','2023-11-13',0),
    (392,27,74,null,'heart','https://invitro.ca/api/reaction/heart.jpg','2023-06-25','2023-06-25',0),
    (393,21,152,null,'heart','https://invitro.ca/api/reaction/heart.jpg','2023-02-05','2023-02-05',0),
    (394,12,null,91,'heart','https://invitro.ca/api/reaction/heart.jpg','2023-02-01','2023-02-01',0),
    (395,30,16,null,'wow','https://invitro.ca/api/reaction/wow.jpg','2023-08-08','2023-08-08',0),
    (396,37,187,null,'like','https://invitro.ca/api/reaction/like.jpg','2023-10-19','2023-10-19',0),
    (397,21,70,null,'heart','https://invitro.ca/api/reaction/heart.jpg','2023-11-08','2023-11-08',0),
    (398,17,113,null,'like','https://invitro.ca/api/reaction/like.jpg','2023-07-08','2023-07-09',0),
    (399,29,null,91,'heart','https://invitro.ca/api/reaction/heart.jpg','2023-02-01','2023-02-01',0),
    (400,5,null,157,'like','https://invitro.ca/api/reaction/like.jpg','2023-11-11','2023-11-11',0),
    (401,47,88,null,'heart','https://invitro.ca/api/reaction/heart.jpg','2023-04-22','2023-04-22',0),
    (402,12,null,218,'like','https://invitro.ca/api/reaction/like.jpg','2023-11-11','2023-11-11',0),
    (403,27,null,329,'wow','https://invitro.ca/api/reaction/wow.jpg','2023-12-01','2023-12-01',0),
    (404,23,null,309,'wow','https://invitro.ca/api/reaction/wow.jpg','2023-08-14','2023-08-14',0),
    (405,1,198,null,'heart','https://invitro.ca/api/reaction/heart.jpg','2023-02-06','2023-02-06',0),
    (406,11,146,null,'like','https://invitro.ca/api/reaction/like.jpg','2023-02-03','2023-02-03',0),
    (407,39,117,null,'like','https://invitro.ca/api/reaction/like.jpg','2023-02-03','2023-02-03',0),
    (408,6,12,null,'wow','https://invitro.ca/api/reaction/wow.jpg','2023-06-23','2023-06-24',0),
    (409,23,65,null,'heart','https://invitro.ca/api/reaction/heart.jpg','2023-05-14','2023-05-14',0),
    (410,46,null,75,'wow','https://invitro.ca/api/reaction/wow.jpg','2023-02-09','2023-02-09',0),
    (411,4,41,null,'like','https://invitro.ca/api/reaction/like.jpg','2023-02-01','2023-02-01',0),
    (412,28,null,487,'like','https://invitro.ca/api/reaction/like.jpg','2023-09-16','2023-09-16',0),
    (413,22,null,468,'wow','https://invitro.ca/api/reaction/wow.jpg','2023-11-11','2023-11-11',0),
    (414,50,null,113,'wow','https://invitro.ca/api/reaction/wow.jpg','2023-04-16','2023-04-16',0),
    (415,35,null,107,'like','https://invitro.ca/api/reaction/like.jpg','2023-08-03','2023-08-04',0),
    (416,10,113,null,'wow','https://invitro.ca/api/reaction/wow.jpg','2023-07-08','2023-07-08',0),
    (417,49,160,null,'heart','https://invitro.ca/api/reaction/heart.jpg','2023-07-09','2023-07-09',0),
    (418,10,193,null,'like','https://invitro.ca/api/reaction/like.jpg','2023-03-10','2023-03-10',0),
    (419,1,null,81,'like','https://invitro.ca/api/reaction/like.jpg','2023-04-02','2023-04-02',0),
    (420,43,8,null,'wow','https://invitro.ca/api/reaction/wow.jpg','2023-05-27','2023-05-27',0),
    (421,37,70,null,'wow','https://invitro.ca/api/reaction/wow.jpg','2023-11-08','2023-11-08',0),
    (422,42,null,153,'wow','https://invitro.ca/api/reaction/wow.jpg','2023-09-16','2023-09-16',0),
    (423,42,155,null,'like','https://invitro.ca/api/reaction/like.jpg','2023-11-21','2023-11-21',0),
    (424,11,161,null,'heart','https://invitro.ca/api/reaction/heart.jpg','2023-10-24','2023-10-24',0),
    (425,49,null,106,'like','https://invitro.ca/api/reaction/like.jpg','2023-04-20','2023-04-20',1),
    (426,23,177,null,'heart','https://invitro.ca/api/reaction/heart.jpg','2023-04-05','2023-04-05',0),
    (427,2,175,null,'like','https://invitro.ca/api/reaction/like.jpg','2023-10-29','2023-10-29',0),
    (428,6,115,null,'heart','https://invitro.ca/api/reaction/heart.jpg','2023-05-01','2023-05-01',0),
    (429,35,119,null,'like','https://invitro.ca/api/reaction/like.jpg','2023-08-09','2023-08-09',0),
    (430,33,null,342,'wow','https://invitro.ca/api/reaction/wow.jpg','2023-10-19','2023-10-19',0),
    (431,47,null,36,'like','https://invitro.ca/api/reaction/like.jpg','2023-06-09','2023-06-09',0),
    (432,16,112,null,'heart','https://invitro.ca/api/reaction/heart.jpg','2023-11-02','2023-11-02',0),
    (433,9,null,469,'like','https://invitro.ca/api/reaction/like.jpg','2023-07-28','2023-07-28',0),
    (434,19,9,null,'wow','https://invitro.ca/api/reaction/wow.jpg','2023-05-31','2023-05-31',0),
    (435,43,null,451,'like','https://invitro.ca/api/reaction/like.jpg','2023-11-11','2023-11-11',0),
    (436,40,35,null,'heart','https://invitro.ca/api/reaction/heart.jpg','2023-09-02','2023-09-02',0),
    (437,31,12,null,'wow','https://invitro.ca/api/reaction/wow.jpg','2023-06-23','2023-06-23',0),
    (438,30,null,83,'like','https://invitro.ca/api/reaction/like.jpg','2023-05-07','2023-05-07',0),
    (439,18,50,null,'wow','https://invitro.ca/api/reaction/wow.jpg','2023-08-15','2023-08-15',0),
    (440,43,135,null,'wow','https://invitro.ca/api/reaction/wow.jpg','2023-12-30','2023-12-30',0),
    (441,15,null,184,'heart','https://invitro.ca/api/reaction/heart.jpg','2023-12-30','2023-12-30',0),
    (442,11,18,null,'wow','https://invitro.ca/api/reaction/wow.jpg','2023-08-24','2023-08-24',0),
    (443,21,null,153,'like','https://invitro.ca/api/reaction/like.jpg','2023-09-16','2023-09-16',0),
    (444,19,null,485,'heart','https://invitro.ca/api/reaction/heart.jpg','2023-06-09','2023-06-09',0),
    (445,43,null,313,'wow','https://invitro.ca/api/reaction/wow.jpg','2023-04-20','2023-04-20',0),
    (446,29,null,17,'heart','https://invitro.ca/api/reaction/heart.jpg','2023-05-26','2023-05-26',0),
    (447,8,9,null,'like','https://invitro.ca/api/reaction/like.jpg','2023-05-31','2023-05-31',0),
    (448,20,null,235,'like','https://invitro.ca/api/reaction/like.jpg','2023-06-18','2023-06-18',0),
    (449,34,27,null,'heart','https://invitro.ca/api/reaction/heart.jpg','2023-05-24','2023-05-24',0),
    (450,34,null,137,'wow','https://invitro.ca/api/reaction/wow.jpg','2023-05-26','2023-05-26',0),
    (451,31,null,109,'like','https://invitro.ca/api/reaction/like.jpg','2023-03-03','2023-03-03',0),
    (452,35,null,171,'wow','https://invitro.ca/api/reaction/wow.jpg','2023-07-19','2023-07-20',0),
    (453,41,70,null,'like','https://invitro.ca/api/reaction/like.jpg','2023-11-08','2023-11-09',0),
    (454,19,146,null,'like','https://invitro.ca/api/reaction/like.jpg','2023-02-03','2023-02-03',0),
    (455,39,71,null,'wow','https://invitro.ca/api/reaction/wow.jpg','2023-05-01','2023-05-01',0),
    (456,30,53,null,'like','https://invitro.ca/api/reaction/like.jpg','2023-01-31','2023-01-31',0),
    (457,30,null,204,'heart','https://invitro.ca/api/reaction/heart.jpg','2023-05-28','2023-05-28',0),
    (458,8,112,null,'heart','https://invitro.ca/api/reaction/heart.jpg','2023-11-02','2023-11-02',0),
    (459,39,null,272,'wow','https://invitro.ca/api/reaction/wow.jpg','2023-07-24','2023-07-24',0),
    (460,11,null,443,'like','https://invitro.ca/api/reaction/like.jpg','2023-11-10','2023-11-10',0),
    (461,7,9,null,'wow','https://invitro.ca/api/reaction/wow.jpg','2023-05-31','2023-06-01',0),
    (462,2,75,null,'heart','https://invitro.ca/api/reaction/heart.jpg','2023-04-17','2023-04-17',0),
    (463,43,null,395,'wow','https://invitro.ca/api/reaction/wow.jpg','2023-02-09','2023-02-09',0),
    (464,13,null,81,'wow','https://invitro.ca/api/reaction/wow.jpg','2023-04-02','2023-04-02',0),
    (465,35,null,194,'heart','https://invitro.ca/api/reaction/heart.jpg','2023-11-10','2023-11-11',0),
    (466,24,null,425,'heart','https://invitro.ca/api/reaction/heart.jpg','2023-01-02','2023-01-02',0),
    (467,9,null,428,'heart','https://invitro.ca/api/reaction/heart.jpg','2023-04-15','2023-04-15',0),
    (468,17,null,271,'like','https://invitro.ca/api/reaction/like.jpg','2023-01-02','2023-01-02',0),
    (469,15,null,124,'heart','https://invitro.ca/api/reaction/heart.jpg','2023-04-11','2023-04-11',0),
    (470,32,null,489,'heart','https://invitro.ca/api/reaction/heart.jpg','2023-04-15','2023-04-15',0),
    (471,40,49,null,'like','https://invitro.ca/api/reaction/like.jpg','2023-10-23','2023-10-23',0),
    (472,43,null,38,'heart','https://invitro.ca/api/reaction/heart.jpg','2023-06-04','2023-06-04',0),
    (473,11,128,null,'heart','https://invitro.ca/api/reaction/heart.jpg','2023-12-15','2023-12-15',1),
    (474,14,null,252,'like','https://invitro.ca/api/reaction/like.jpg','2023-05-26','2023-05-26',0),
    (475,11,127,null,'wow','https://invitro.ca/api/reaction/wow.jpg','2023-08-20','2023-08-20',0),
    (476,19,70,null,'like','https://invitro.ca/api/reaction/like.jpg','2023-11-08','2023-11-08',0),
    (477,1,112,null,'like','https://invitro.ca/api/reaction/like.jpg','2023-11-02','2023-11-02',0),
    (478,9,null,301,'heart','https://invitro.ca/api/reaction/heart.jpg','2023-08-03','2023-08-03',0),
    (479,36,191,null,'wow','https://invitro.ca/api/reaction/wow.jpg','2023-01-17','2023-01-17',1),
    (480,14,69,null,'heart','https://invitro.ca/api/reaction/heart.jpg','2023-06-03','2023-06-03',0),
    (481,7,112,null,'heart','https://invitro.ca/api/reaction/heart.jpg','2023-11-02','2023-11-02',0),
    (482,41,85,null,'like','https://invitro.ca/api/reaction/like.jpg','2023-08-23','2023-08-23',0),
    (483,24,121,null,'wow','https://invitro.ca/api/reaction/wow.jpg','2023-11-20','2023-11-20',0),
    (484,42,4,null,'wow','https://invitro.ca/api/reaction/wow.jpg','2023-08-20','2023-08-20',0),
    (485,26,70,null,'wow','https://invitro.ca/api/reaction/wow.jpg','2023-11-08','2023-11-08',0),
    (486,28,20,null,'heart','https://invitro.ca/api/reaction/heart.jpg','2023-04-28','2023-04-28',0),
    (487,11,null,350,'wow','https://invitro.ca/api/reaction/wow.jpg','2023-10-03','2023-10-03',0),
    (488,11,173,null,'heart','https://invitro.ca/api/reaction/heart.jpg','2023-08-11','2023-08-11',1),
    (489,1,null,23,'wow','https://invitro.ca/api/reaction/wow.jpg','2023-09-16','2023-09-16',0),
    (490,17,155,null,'wow','https://invitro.ca/api/reaction/wow.jpg','2023-11-21','2023-11-22',0),
    (491,29,112,null,'like','https://invitro.ca/api/reaction/like.jpg','2023-11-02','2023-11-03',0),
    (492,23,null,146,'like','https://invitro.ca/api/reaction/like.jpg','2023-07-19','2023-07-19',0),
    (493,23,null,65,'heart','https://invitro.ca/api/reaction/heart.jpg','2023-10-30','2023-10-30',0),
    (494,33,112,null,'like','https://invitro.ca/api/reaction/like.jpg','2023-11-02','2023-11-02',0),
    (495,43,17,null,'wow','https://invitro.ca/api/reaction/wow.jpg','2023-05-14','2023-05-14',0),
    (496,28,null,417,'heart','https://invitro.ca/api/reaction/heart.jpg','2023-09-14','2023-09-14',0),
    (497,47,null,299,'like','https://invitro.ca/api/reaction/like.jpg','2023-10-25','2023-10-25',0),
    (498,21,189,null,'wow','https://invitro.ca/api/reaction/wow.jpg','2023-12-20','2023-12-21',0),
    (499,40,null,455,'heart','https://invitro.ca/api/reaction/heart.jpg','2023-04-02','2023-04-03',0),
    (500,11,null,108,'heart','https://invitro.ca/api/reaction/heart.jpg','2023-07-28','2023-07-28',0);


    /* SYNTHETIC SKILL ENTRIES GENERATED USING OPEN AI CHATGPT 3.5 AND MICROSOFT EXCEL */
    INSERT INTO skill(skill_id, user_id, skill, creation_date, modified_date, deleted)
    VALUES
    (1,24, 'Business Analysis','2023-11-05','2023-11-24',0),
    (2,33, 'Strategic Planning','2023-12-03','2023-12-20',0),
    (3,47, 'Market Research','2023-10-11','2023-12-11',0),
    (4,6, 'Financial Management','2023-12-20','2023-12-30',0),
    (5,26, 'Project Management','2023-11-02','2023-12-12',1),
    (6,14, 'Business Development','2023-10-21','2023-12-07',0),
    (7,24, 'Marketing Strategy','2023-09-17','2023-12-22',0),
    (8,30, 'Operations Management','2023-09-16','2023-12-01',0),
    (9,28, 'Supply Chain Management','2023-10-20','2023-12-12',0),
    (10,10, 'Sales Management','2023-12-31','2023-12-31',0),
    (11,7, 'Human Resource Management','2023-09-02','2023-11-15',0),
    (12,4, 'Logistics','2023-09-05','2023-10-01',0),
    (13,28, 'Economic Analysis','2023-07-28','2023-12-11',0),
    (14,30, 'Customer Relationship Management','2023-10-15','2023-12-24',0),
    (15,45, 'Product Management','2023-09-30','2023-12-10',0),
    (16,7, 'Quality Management','2023-02-27','2023-09-11',0),
    (17,25, 'Risk Management','2023-04-05','2023-08-19',0),
    (18,11, 'Business Process Improvement','2023-12-24','2023-12-27',0),
    (19,45, 'Corporate Finance','2023-09-12','2023-09-22',0),
    (20,38, 'Brand Management','2023-09-24','2023-11-22',0),
    (21,14, 'Change Management','2023-12-17','2023-12-30',0),
    (22,43, 'Entrepreneurship','2023-06-13','2023-11-25',0),
    (23,4, 'Strategic Partnerships','2023-07-28','2023-08-11',0),
    (24,16, 'Negotiation','2023-09-27','2023-10-14',0),
    (25,43, 'Leadership Development','2023-12-20','2023-12-28',0),
    (26,48, 'Business Ethics','2023-09-23','2023-12-05',0),
    (27,17, 'Retail Management','2023-11-30','2023-12-05',0),
    (28,23, 'International Business','2023-12-17','2023-12-22',0),
    (29,36, 'Business Analysis','2023-12-19','2023-12-27',0),
    (30,2, 'Financial Analysis','2023-12-31','2023-12-31',0),
    (31,33, 'IT Management','2023-12-14','2023-12-27',0),
    (32,18, 'Digital Marketing','2023-05-26','2023-06-09',0),
    (33,24, 'Retail Merchandising','2023-06-07','2023-07-25',0),
    (34,45, 'Brand Development','2023-12-21','2023-12-29',0),
    (35,15, 'Business Analysis','2023-09-25','2023-10-23',0),
    (36,17, 'Strategic Planning','2023-11-12','2023-12-22',0),
    (37,19, 'Business Analysis','2023-12-08','2023-12-27',0),
    (38,35, 'Financial Management','2023-07-17','2023-11-21',0),
    (39,14, 'Project Management','2023-07-12','2023-10-24',0),
    (40,26, 'Business Development','2023-12-16','2023-12-28',0),
    (41,12, 'Marketing Strategy','2023-06-30','2023-12-30',0),
    (42,34, 'Supply Chain Management','2023-08-13','2023-09-27',0),
    (43,13, 'Sales Management','2023-12-16','2023-12-20',0),
    (44,5, 'Human Resource Management','2023-12-20','2023-12-31',0),
    (45,16, 'Economic Analysis','2023-12-13','2023-12-23',0),
    (46,24, 'Customer Relationship Management','2023-08-25','2023-10-12',0),
    (47,20, 'Product Management','2023-11-10','2023-11-15',0),
    (48,49, 'Quality Management','2023-10-27','2023-11-18',0),
    (49,31, 'Risk Management','2023-07-23','2023-10-23',0),
    (50,10, 'Business Process Improvement','2023-12-30','2023-12-31',0),
    (51,36, 'Project Management','2023-11-14','2023-12-27',0),
    (52,19, 'Brand Management','2023-12-30','2023-12-31',0),
    (53,15, 'Change Management','2023-12-27','2023-12-30',0),
    (54,16, 'Entrepreneurship','2023-10-17','2023-12-18',0),
    (55,15, 'Strategic Partnerships','2023-03-04','2023-07-11',0),
    (56,34, 'Negotiation','2023-11-04','2023-12-14',0),
    (57,35, 'Business Analysis','2023-12-01','2023-12-10',1),
    (58,43, 'Business Ethics','2023-07-23','2023-12-09',0),
    (59,49, 'Retail Management','2023-11-04','2023-12-16',0),
    (60,38, 'International Business','2023-10-19','2023-11-12',0),
    (61,40, 'Customer Service Management','2023-05-03','2023-09-23',0),
    (62,31, 'Business Analysis','2023-06-24','2023-08-28',0),
    (63,42, 'Project Management','2023-09-03','2023-09-29',0),
    (64,32, 'Business Analysis','2023-09-07','2023-10-14',0),
    (65,37, 'Strategic Planning','2023-10-24','2023-12-29',0),
    (66,46, 'Entrepreneurship','2023-07-11','2023-12-29',0),
    (67,36, 'Financial Management','2023-12-08','2023-12-11',0),
    (68,34, 'Project Management','2023-12-01','2023-12-23',0),
    (69,11, 'Business Development','2023-12-27','2023-12-27',0),
    (70,5, 'Marketing Strategy','2023-11-23','2023-11-26',0),
    (71,10, 'Business Analysis','2023-12-30','2023-12-30',0),
    (72,50, 'Supply Chain Management','2023-08-02','2023-10-21',1),
    (73,36, 'Sales Management','2023-12-29','2023-12-29',0),
    (74,36, 'Human Resource Management','2023-12-25','2023-12-28',0),
    (75,30, 'Logistics','2023-10-30','2023-12-15',0),
    (76,41, 'Entrepreneurship','2023-12-22','2023-12-24',0),
    (77,24, 'Strategic Partnerships','2023-11-14','2023-12-30',0),
    (78,29, 'Negotiation','2023-11-21','2023-12-06',0),
    (79,23, 'Leadership Development','2023-10-28','2023-11-03',0),
    (80,47, 'Entrepreneurship','2023-10-23','2023-10-31',0),
    (81,42, 'International Business','2023-11-18','2023-11-18',0),
    (82,23, 'Customer Service Management','2023-12-03','2023-12-13',0),
    (83,39, 'Financial Analysis','2023-08-15','2023-10-25',0),
    (84,3, 'IT Management','2023-12-16','2023-12-23',0),
    (85,5, 'Business Analysis','2023-10-03','2023-12-31',0),
    (86,14, 'Entrepreneurship','2023-12-23','2023-12-30',0),
    (87,10, 'Entrepreneurship','2023-12-31','2023-12-31',0),
    (88,23, 'Business Development','2023-11-12','2023-12-19',0),
    (89,4, 'Marketing Strategy','2023-08-29','2023-09-26',0),
    (90,4, 'Supply Chain Management','2023-11-09','2023-12-14',0),
    (91,47, 'Sales Management','2023-04-17','2023-05-02',0),
    (92,31, 'Human Resource Management','2023-12-19','2023-12-20',0),
    (93,21, 'Logistics','2023-05-17','2023-08-13',0),
    (94,34, 'Entrepreneurship','2023-08-30','2023-10-14',0),
    (95,49, 'Project Management','2023-07-16','2023-12-07',0),
    (96,31, 'Strategic Planning','2023-11-03','2023-11-24',0),
    (97,1, 'Market Research','2023-09-26','2023-11-13',0),
    (98,20, 'Financial Management','2023-12-05','2023-12-13',0),
    (99,46, 'Project Management','2023-11-02','2023-11-12',0),
    (100,33, 'Business Development','2023-12-06','2023-12-12',0),
    (101,28, 'Marketing Strategy','2023-04-13','2023-08-07',0),
    (102,4, 'Entrepreneurship','2023-12-15','2023-12-26',0),
    (103,34, 'Business Development','2023-09-03','2023-12-16',0),
    (104,16, 'Marketing Strategy','2023-10-11','2023-10-25',0),
    (105,28, 'Entrepreneurship','2023-09-19','2023-12-14',0),
    (106,37, 'Entrepreneurship','2023-04-22','2023-04-27',0),
    (107,28, 'Sales Management','2023-10-01','2023-10-05',0),
    (108,9, 'Human Resource Management','2023-11-11','2023-12-10',0),
    (109,38, 'Logistics','2023-11-22','2023-12-20',0),
    (110,7, 'Entrepreneurship','2023-07-11','2023-09-04',0),
    (111,38, 'Corporate Finance','2023-11-27','2023-12-12',0),
    (112,26, 'Brand Management','2023-12-06','2023-12-09',0),
    (113,37, 'Change Management','2023-04-29','2023-10-08',0),
    (114,49, 'Entrepreneurship','2023-12-06','2023-12-17',0),
    (115,4, 'Innovation Strategy','2023-06-06','2023-07-30',0),
    (116,42, 'Business Development','2023-12-06','2023-12-10',0),
    (117,8, 'Marketing Strategy','2023-09-16','2023-10-28',0),
    (118,40, 'Operations Management','2023-10-24','2023-12-11',0),
    (119,41, 'Supply Chain Management','2023-11-26','2023-12-31',0),
    (120,14, 'Sales Management','2023-10-08','2023-12-06',0),
    (121,43, 'Human Resource Management','2023-05-16','2023-08-11',0),
    (122,50, 'Project Management','2023-06-27','2023-07-07',0),
    (123,29, 'Entrepreneurship','2023-09-17','2023-10-26',0),
    (124,46, 'Strategic Partnerships','2023-07-08','2023-11-30',0),
    (125,50, 'Brand Development','2023-05-29','2023-07-03',0),
    (126,6, 'Product Development','2023-11-01','2023-11-12',0),
    (127,30, 'Corporate Strategy','2023-10-10','2023-12-30',0),
    (128,45, 'Customer Experience Management','2023-11-15','2023-11-24',0),
    (129,23, 'Inventory Management','2023-11-17','2023-11-26',0),
    (130,40, 'Business Intelligence','2023-04-30','2023-07-14',0),
    (131,48, 'Market Analysis','2023-10-21','2023-10-25',0),
    (132,23, 'Entrepreneurship','2023-09-09','2023-12-23',0),
    (133,48, 'Business Development','2023-11-15','2023-12-27',0),
    (134,25, 'Marketing Strategy','2023-03-05','2023-10-11',1),
    (135,47, 'Operations Management','2023-10-27','2023-12-07',0),
    (136,21, 'Supply Chain Management','2023-06-27','2023-09-13',0),
    (137,40, 'Sales Management','2023-05-29','2023-07-09',0),
    (138,2, 'Human Resource Management','2023-08-12','2023-12-25',0),
    (139,44, 'Entrepreneurship','2023-12-22','2023-12-28',0),
    (140,38, 'Strategic Partnerships','2023-10-14','2023-10-23',1),
    (141,12, 'Project Management','2023-05-03','2023-09-30',0),
    (142,12, 'Competitive Analysis','2023-10-02','2023-10-28',1),
    (143,4, 'Customer Analysis','2023-05-26','2023-08-28',0),
    (144,34, 'Business Strategy','2023-10-13','2023-11-02',0),
    (145,47, 'Business Planning','2023-11-07','2023-11-29',1),
    (146,16, 'Financial Planning','2023-11-04','2023-12-02',0),
    (147,42, 'Innovation Strategy','2023-10-01','2023-12-25',0),
    (148,23, 'Risk Assessment','2023-11-05','2023-11-29',0),
    (149,15, 'Market Strategy','2023-09-17','2023-10-09',0),
    (150,34, 'Operations Strategy','2023-10-19','2023-11-12',0),
    (151,7, 'Sales Strategy','2023-11-09','2023-12-08',0),
    (152,24, 'Product Strategy','2023-10-27','2023-11-12',0),
    (153,36, 'Corporate Strategy','2023-11-12','2023-11-26',0),
    (154,25, 'Business Development Strategy','2023-02-23','2023-09-21',0),
    (155,47, 'Innovation Strategy','2023-12-04','2023-12-25',0),
    (156,14, 'Retail Strategy','2023-12-16','2023-12-20',0),
    (157,20, 'Marketing Strategy','2023-09-23','2023-11-12',0),
    (158,50, 'Global Strategy','2023-04-25','2023-07-24',0),
    (159,8, 'Product Development Strategy','2023-11-21','2023-12-03',0),
    (160,14, 'Supply Chain Strategy','2023-12-29','2023-12-29',0),
    (161,37, 'Logistics Strategy','2023-05-06','2023-12-01',0),
    (162,22, 'Pricing Strategy','2023-01-28','2023-07-17',0),
    (163,43, 'Brand Strategy','2023-04-30','2023-06-10',0),
    (164,47, 'Digital Strategy','2023-04-04','2023-06-11',0),
    (165,22, 'Social Media Strategy','2023-08-23','2023-09-04',0),
    (166,4, 'Content Strategy','2023-12-07','2023-12-21',0),
    (167,23, 'Advertising Strategy','2023-08-29','2023-10-04',0),
    (168,34, 'Promotion Strategy','2023-08-14','2023-11-10',0),
    (169,19, 'Customer Engagement Strategy','2023-12-04','2023-12-30',0),
    (170,33, 'Customer Acquisition Strategy','2023-11-06','2023-12-18',0),
    (171,32, 'Channel Strategy','2023-10-09','2023-10-09',0),
    (172,1, 'Market Entry Strategy','2023-11-16','2023-12-25',0),
    (173,44, 'Product Launch Strategy','2023-12-28','2023-12-28',0),
    (174,9, 'E-commerce Strategy','2023-12-18','2023-12-18',0),
    (175,32, 'Innovation Strategy','2023-06-04','2023-12-03',0),
    (176,7, 'Business Analysis','2023-11-06','2023-12-27',0),
    (177,19, 'Sustainability Strategy','2023-12-17','2023-12-26',0),
    (178,20, 'Innovation Strategy','2023-10-17','2023-11-14',0),
    (179,25, 'Regulatory Strategy','2023-09-04','2023-10-26',0),
    (180,47, 'Legal Strategy','2023-04-28','2023-11-29',0),
    (181,26, 'Ethical Strategy','2023-12-18','2023-12-23',0),
    (182,23, 'Corporate Social Responsibility Strategy','2023-09-08','2023-12-17',1),
    (183,50, 'Community Engagement Strategy','2023-10-16','2023-10-24',0),
    (184,49, 'Customer Acquisition Strategy','2023-07-31','2023-10-16',0),
    (185,28, 'Channel Strategy','2023-10-18','2023-12-26',0),
    (186,31, 'Market Entry Strategy','2023-09-14','2023-09-19',0),
    (187,40, 'Product Launch Strategy','2023-01-15','2023-10-05',0),
    (188,22, 'Business Analysis','2023-10-03','2023-11-29',0),
    (189,18, 'Innovation Strategy','2023-07-31','2023-09-06',1),
    (190,13, 'Business Analysis','2023-10-23','2023-12-05',0),
    (191,43, 'Product Launch Strategy','2023-10-19','2023-12-29',0),
    (192,39, 'Business Analysis','2023-08-19','2023-09-29',0),
    (193,37, 'Channel Strategy','2023-07-28','2023-12-28',0),
    (194,50, 'Product Launch Strategy','2023-01-04','2023-10-07',0),
    (195,28, 'Business Analysis','2023-08-24','2023-09-11',0),
    (196,47, 'Market Entry Strategy','2023-06-27','2023-07-17',0),
    (197,20, 'Digital Strategy','2023-10-11','2023-11-27',0),
    (198,25, 'Social Media Strategy','2023-10-16','2023-10-18',0),
    (199,47, 'Content Strategy','2023-07-02','2023-12-31',0),
    (200,26, 'Advertising Strategy','2023-10-30','2023-12-22',1);

    
    /* SYNTHETIC ORGANIZATION DATA GENERATED USING OPEN AI CHATGPT 3.5 AND MICROSOFT EXCEL */
    INSERT INTO organization (organization_id, type, name, image_url, phone, street_number, street_name, city, postal_code, province, country, creation_date, modified_date, deleted)
    VALUES
    (1, 'school', 'University of Toronto','https://invitro.ca/api/organization/1.jpg', '123-456-7890',123, 'University Ave', 'Toronto', 'M5S 1A1', 'ON', 'CA','2023-12-01','2023-12-01',0),
    (2, 'school', 'University of British Columbia','https://invitro.ca/api/organization/2.jpg', '234-567-8901',456, 'Main Mall', 'Vancouver', 'V6T 1Z4', 'BC', 'CA','2023-06-09','2023-06-09',0),
    (3, 'school', 'McGill University','https://invitro.ca/api/organization/3.jpg', '345-678-9012',789, 'Sherbrooke St W', 'Montreal', 'H3A 0B8', 'QC', 'CA','2023-11-23','2023-11-23',0),
    (4, 'school', 'University of Alberta','https://invitro.ca/api/organization/4.jpg', '456-789-0123',101, 'Happy St NW', 'Edmonton', 'T6G 2R3', 'AB', 'CA','2023-09-01','2023-09-01',0),
    (5, 'school', 'University of Waterloo','https://invitro.ca/api/organization/5.jpg', '567-890-1234',202, 'University Ave W', 'Waterloo', 'N2L 3G1', 'ON', 'CA','2023-10-08','2023-10-08',0),
    (6, 'school', 'University of Calgary','https://invitro.ca/api/organization/6.jpg', '678-901-2345',303, 'University Dr NW', 'Calgary', 'T2N 1N4', 'AB', 'CA','2023-01-22','2023-01-22',0),
    (8, 'school', 'University of Montreal','https://invitro.ca/api/organization/8.jpg', '890-123-4567',505, 'Edouard Montpetit Blvd', 'Montreal', 'H3T 1J4', 'QC', 'CA','2023-09-30','2023-09-30',0),
    (9, 'school', 'University of Victoria','https://invitro.ca/api/organization/9.jpg', '901-234-5678',606, 'Finnerty Rd', 'Victoria', 'V8P 5C2', 'BC', 'CA','2023-09-14','2023-09-14',0),
    (10, 'school', 'University of Guelph','https://invitro.ca/api/organization/10.jpg', '012-345-6789',707, 'Stone Rd E', 'Guelph', 'N1G 2W1', 'ON', 'CA','2023-04-23','2023-04-23',0),
    (12, 'school', 'Simon Fraser University','https://invitro.ca/api/organization/12.jpg', '234-567-8901',909, 'University Dr', 'Burnaby', 'V5A 1S6', 'BC', 'CA','2023-08-11','2023-08-11',0),
    (13, 'school', 'Queen''s University','https://invitro.ca/api/organization/13.jpg', '345-678-9012',1010, 'University Ave', 'Kingston', 'K7L 3N6', 'ON', 'CA','2023-10-24','2023-10-24',0),
    (14, 'school', 'University of Manitoba','https://invitro.ca/api/organization/14.jpg', '456-789-0123',1111, 'Chancellors Cir', 'Winnipeg', 'R3T 2N2', 'MB', 'CA','2023-04-24','2023-04-24',0),
    (15, 'school', 'University of Saskatchewan','https://invitro.ca/api/organization/15.jpg', '567-890-1234',1212, 'Administration Pl', 'Saskatoon', 'S7N 5A2', 'SK', 'CA','2023-08-17','2023-08-17',0),
    (16, 'school', 'Carleton University','https://invitro.ca/api/organization/16.jpg', '678-901-2345',1313, 'Colonel By Dr', 'Ottawa', 'K1S 5B6', 'ON', 'CA','2023-07-30','2023-07-30',0),
    (17, 'school', 'Dalhousie University','https://invitro.ca/api/organization/17.jpg', '789-012-3456',1414, 'South St', 'Halifax', 'B3H 4R2', 'NS', 'CA','2023-07-05','2023-07-05',0),
    (19, 'school', 'University of New Brunswick','https://invitro.ca/api/organization/19.jpg', '901-234-5678',1616, 'Bailey Dr', 'Fredericton', 'E3B 5A3', 'NB', 'CA','2023-05-23','2023-05-23',0),
    (20, 'school', 'University of Windsor','https://invitro.ca/api/organization/20.jpg', '012-345-6789',1717, 'Sunset Ave', 'Windsor', 'N9B 3P4', 'ON', 'CA','2023-12-25','2023-12-25',0),
    (21, 'school', 'Memorial University of Newfoundland','https://invitro.ca/api/organization/21.jpg', '123-456-7890',1818, 'Elizabeth Ave', 'St. John''s', 'A1C 5S7', 'NL', 'CA','2023-11-08','2023-11-08',0),
    (23, 'school', 'University of Lethbridge','https://invitro.ca/api/organization/23.jpg', '345-678-9012',2020, 'University Dr W', 'Lethbridge', 'T1K 3M4', 'AB', 'CA','2023-10-25','2023-10-25',0),
    (24, 'school', 'Brock University','https://invitro.ca/api/organization/24.jpg', '456-789-0123',2121, 'Sir Isaac Brock Way', 'St. Catharines', 'L2S 3A1', 'ON', 'CA','2023-04-29','2023-04-29',0),
    (25, 'school', 'University of Northern British Columbia','https://invitro.ca/api/organization/25.jpg', '567-890-1234',2222, 'University Way', 'Prince George', 'V2N 4Z9', 'BC', 'CA','2023-10-10','2023-10-10',0),
    (26, 'school', 'York University','https://invitro.ca/api/organization/26.jpg', '678-901-2345',2323, 'Keele St', 'Toronto', 'M3J 1P3', 'ON', 'CA','2023-07-03','2023-07-03',0),
    (28, 'school', 'Wilfrid Laurier University','https://invitro.ca/api/organization/28.jpg', '890-123-4567',2525, 'University Ave W', 'Waterloo', 'N2L 3C5', 'ON', 'CA','2023-10-28','2023-10-28',0),
    (29, 'school', 'Concordia University','https://invitro.ca/api/organization/29.jpg', '901-234-5678',2626, 'De Maisonneuve Blvd W', 'Montreal', 'H3G 1M8', 'QC', 'CA','2023-07-01','2023-07-01',0),
    (30, 'school', 'University of Sherbrooke','https://invitro.ca/api/organization/30.jpg', '012-345-6789',2727, 'Blvd de l''Université', 'Sherbrooke', 'J1K 2R1', 'QC', 'CA','2023-09-23','2023-09-23',0),
    (32, 'school', 'Ryerson University','https://invitro.ca/api/organization/32.jpg', '234-567-8901',2929, 'Victoria St', 'Toronto', 'M5B 2K3', 'ON', 'CA','2023-12-27','2023-12-27',0),
    (33, 'school', 'Université de Moncton','https://invitro.ca/api/organization/33.jpg', '345-678-9012',3030, 'Antonine-Maillet Ave', 'Moncton', 'E1A 3E9', 'NB', 'CA','2023-09-01','2023-09-01',0),
    (34, 'school', 'Brandon University','https://invitro.ca/api/organization/34.jpg', '456-789-0123',3131, 'DownUp Rd', 'Brandon', 'R7A 6A9', 'MB', 'CA','2023-05-13','2023-05-13',0),
    (35, 'school', 'St. Francis Xavier University','https://invitro.ca/api/organization/35.jpg', '567-890-1234',3232, 'Chapel Square', 'Antigonish', 'B2G 2W5', 'NS', 'CA','2023-09-10','2023-09-10',0),
    (36, 'school', 'University of Ontario Institute of Technology','https://invitro.ca/api/organization/36.jpg', '678-901-2345',3333, 'Simcoe St N', 'Oshawa', 'L1G 0C5', 'ON', 'CA','2023-04-28','2023-04-28',0),
    (37, 'school', 'Université du Québec à Montréal','https://invitro.ca/api/organization/37.jpg', '789-012-3456',3434, 'Rue Sainte-Catherine E', 'Montreal', 'H2L 2C4', 'QC', 'CA','2023-08-29','2023-08-29',0),
    (38, 'school', 'Université Laval','https://invitro.ca/api/organization/38.jpg', '890-123-4567',3535, 'Rue de l''Université', 'Quebec City', 'G1V 0A6', 'QC', 'CA','2023-09-25','2023-09-25',0),
    (40, 'school', 'Mount Saint Vincent University','https://invitro.ca/api/organization/40.jpg', '012-345-6789',3737, 'Bedford Hwy', 'Halifax', 'B3M 2J6', 'NS', 'CA','2023-06-03','2023-06-03',0),
    (41, 'school', 'Thompson Rivers University','https://invitro.ca/api/organization/41.jpg', '123-456-7890',3838, 'TRU Way', 'Kamloops', 'V2C 0C8', 'BC', 'CA','2023-10-01','2023-10-01',0),
    (42, 'school', 'Lakehead University','https://invitro.ca/api/organization/42.jpg', '234-567-8901',3939, 'Oliver Rd', 'Thunder Bay', 'P7B 5E1', 'ON', 'CA','2023-10-01','2023-10-01',0),
    (43, 'school', 'University of King''s College','https://invitro.ca/api/organization/43.jpg', '345-678-9012',4040, 'Coburg Rd', 'Halifax', 'B3H 2A1', 'NS', 'CA','2023-07-24','2023-07-24',0),
    (44, 'school', 'Cape Breton University','https://invitro.ca/api/organization/44.jpg', '567-890-1234',4242, 'Grand Lake Rd', 'Sydney', 'B1P 6L2', 'NS', 'CA','2023-05-04','2023-05-04',0),
    (45, 'school', 'Algoma University','https://invitro.ca/api/organization/45.jpg', '678-901-2345',4343, 'Queen St E', 'Sault Ste. Marie', 'P6A 2G4', 'ON', 'CA','2023-06-17','2023-06-17',0),
    (46, 'school', 'Nipissing University','https://invitro.ca/api/organization/46.jpg', '901-234-5678',4646, 'College Dr', 'North Bay', 'P1B 8L7', 'ON', 'CA','2023-05-06','2023-05-06',0),
    (47, 'school', 'Trinity Western University','https://invitro.ca/api/organization/47.jpg', '012-345-6789',4747, 'Glover Rd', 'Langley City', 'V2Y 1Y1', 'BC', 'CA','2023-10-30','2023-10-30',0),
    (48, 'school','University of Melbourne','https://invitro.ca/api/organization/48.jpg', '123-456-7890',808, 'Grattan St', 'Parkville', 'VIC 3010', 'VIC', 'AU','2023-10-26','2023-10-26',1),
    (49, 'school', 'University of Sydney','https://invitro.ca/api/organization/49.jpg', '234-567-8901',909, 'Camperdown', 'Sydney', 'NSW 2006', 'NSW', 'AU','2023-08-27','2023-08-27',0),
    (50, 'school', 'University of Auckland','https://invitro.ca/api/organization/50.jpg', '345-678-9012',1010, 'Princes St', 'Auckland', '1010', 'AU', 'NZ','2023-08-30','2023-08-30',1),
    (51, 'company', 'Cybernetic Solutions','https://invitro.ca/api/organization/51.jpg', '444-555-6666',101, 'Cyber St', 'Calgary', 'T2P 0L3', 'AB', 'CA','2023-04-23','2023-04-23',0),
    (52, 'company', 'CloudGenix Technologies','https://invitro.ca/api/organization/52.jpg', '555-666-7777',202, 'Cloud Dr', 'Ottawa', 'K1P 1A4', 'ON', 'CA','2023-01-31','2023-01-31',0),
    (54, 'company', 'BitSavvy Technologies','https://invitro.ca/api/organization/54.jpg', '777-888-9999',404, 'Bit Blvd', 'Yellowknife', 'X1A 2B3', 'NT', 'CA','2023-02-10','2023-02-10',0),
    (55, 'company', 'InfoTech Solutions Canada','https://invitro.ca/api/organization/55.jpg', '888-999-0000',505, 'Info Ave', 'Winnipeg', 'R3C 3K4', 'MB', 'CA','2023-05-05','2023-05-05',0),
    (56, 'company', 'SmartData Innovations','https://invitro.ca/api/organization/56.jpg', '999-000-1111',606, 'Smart St', 'Halifax', 'B3K 5M7', 'NS', 'CA','2023-04-11','2023-04-11',0),
    (57, 'company', 'Quantum Computing Canada','https://invitro.ca/api/organization/57.jpg', '000-111-2222',707, 'Quantum Dr', 'Victoria', 'V8W 1T1', 'BC', 'CA','2023-04-21','2023-04-21',0),
    (58, 'company', 'DataDynamics Inc.','https://invitro.ca/api/organization/58.jpg', '111-222-3333',808, 'Data Dr', 'Edmonton', 'T5J 2H7', 'AB', 'CA','2023-02-01','2023-02-01',0),
    (60, 'company', 'CyberSec Canada','https://invitro.ca/api/organization/60.jpg', '333-444-5555',1010, 'Cyber Ave', 'St. John''s', 'A1C 5T5', 'NL', 'CA','2023-11-13','2023-11-13',0),
    (61, 'company', 'Innovative IT Solutions','https://invitro.ca/api/organization/61.jpg', '444-555-6666',1111, 'Innovation St', 'Ottawa', 'K1P 1A4', 'ON', 'CA','2023-08-14','2023-08-14',0),
    (63, 'company', 'DataSphere Inc.','https://invitro.ca/api/organization/63.jpg', '666-777-8888',1313, 'Data Dr', 'Iqaluit', 'X0A 0H0', 'NU', 'CA','2023-03-07','2023-03-07',0),
    (64, 'company', 'TechByte Solutions','https://invitro.ca/api/organization/64.jpg', '777-888-9999',1414, 'Byte St', 'Yellowknife', 'X1A 1C8', 'NT', 'CA','2023-09-27','2023-09-27',0),
    (65, 'company', 'DataWise Technologies','https://invitro.ca/api/organization/65.jpg', '888-999-0000',1515, 'Wise St', 'Halifax', 'B3H 4P3', 'NS', 'CA','2023-02-20','2023-02-20',0),
    (68, 'company', 'Innovative Solutions Canada','https://invitro.ca/api/organization/68.jpg', '111-222-3333',1818, 'Innovation Blvd', 'Calgary', 'T2P 0L3', 'AB', 'CA','2023-02-20','2023-02-20',0),
    (69, 'company', 'CloudTech Solutions','https://invitro.ca/api/organization/69.jpg', '222-333-4444',1919, 'Cloud Dr', 'Montreal', 'H2W 1W3', 'QC', 'CA','2023-04-28','2023-04-28',0),
    (70, 'company', 'DataWorks Canada','https://invitro.ca/api/organization/70.jpg', '333-444-5555',2020, 'Data Ave', 'Edmonton', 'T5J 2H7', 'AB', 'CA','2023-03-06','2023-03-06',0),
    (71, 'company', 'TechGenius Solutions','https://invitro.ca/api/organization/71.jpg', '444-555-6666',2121, 'Tech St', 'Regina', 'S4P 3A1', 'SK', 'CA','2023-08-05','2023-08-05',0),
    (72, 'company', 'InfoNet Innovations','https://invitro.ca/api/organization/72.jpg', '555-666-7777',2222, 'Info Dr', 'St. John''s', 'A1C 5T5', 'NL', 'CA','2023-01-24','2023-01-24',0),
    (73, 'company', 'ByteMatrix Solutions','https://invitro.ca/api/organization/73.jpg', '666-777-8888',2323, 'Byte Blvd', 'Ottawa', 'K1P 1A4', 'ON', 'CA','2023-02-28','2023-02-28',0),
    (74, 'company', 'TechNexus Canada','https://invitro.ca/api/organization/74.jpg', '777-888-9999',2424, 'Nexus St', 'Toronto', 'M5A 1A1', 'ON', 'CA','2023-02-27','2023-02-27',0),
    (75, 'company', 'DataCrest Technologies','https://invitro.ca/api/organization/75.jpg', '888-999-0000',2525, 'Crest Ave', 'Vancouver', 'V6B 2R1', 'BC', 'CA','2023-10-31','2023-10-31',0),
    (76, 'company', 'InnovateNow Solutions','https://invitro.ca/api/organization/76.jpg', '999-000-1111',2626, 'Innovation St', 'Montreal', 'H2W 1W3', 'QC', 'CA','2023-02-24','2023-02-24',0),
    (77, 'company', 'TechLink Canada','https://invitro.ca/api/organization/77.jpg', '000-111-2222',2727, 'Link Dr', 'Calgary', 'T2P 0L3', 'AB', 'CA','2023-07-29','2023-07-29',0),
    (78, 'company', 'DataSolutions Canada','https://invitro.ca/api/organization/78.jpg', '111-222-3333',2828, 'Data St', 'Edmonton', 'T5J 2H7', 'AB', 'CA','2023-01-28','2023-01-28',0),
    (79, 'company', 'TechNet Innovations','https://invitro.ca/api/organization/79.jpg', '222-333-4444',2929, 'Tech Blvd', 'Regina', 'S4P 3A1', 'SK', 'CA','2023-05-14','2023-05-14',0),
    (80, 'company', 'DataXcel Solutions','https://invitro.ca/api/organization/80.jpg', '333-444-5555',3030, 'Xcel Dr', 'St. John''s', 'A1C 5T5', 'NL', 'CA','2023-01-04','2023-01-04',0),
    (81, 'company', 'TechEdge Canada','https://invitro.ca/api/organization/81.jpg', '444-555-6666',3131, 'Edge St', 'Ottawa', 'K1P 1A4', 'ON', 'CA','2023-08-17','2023-08-17',0),
    (82, 'company', 'DataSphere Canada','https://invitro.ca/api/organization/82.jpg', '555-666-7777',3232, 'Sphere Dr', 'Toronto', 'M5A 1A1', 'ON', 'CA','2023-01-05','2023-01-05',0),
    (83, 'company', 'Innovative Data Solutions','https://invitro.ca/api/organization/83.jpg', '666-777-8888',3333, 'Innovation Ave', 'Vancouver', 'V6B 2R1', 'BC', 'CA','2023-11-18','2023-11-18',0),
    (84, 'company', 'TechFusion Canada','https://invitro.ca/api/organization/84.jpg', '777-888-9999',3434, 'Fusion St', 'Montreal', 'H2W 1W3', 'QC', 'CA','2023-03-27','2023-03-27',0),
    (85, 'company', 'DataSphere Innovations','https://invitro.ca/api/organization/85.jpg', '888-999-0000',3535, 'Sphere Ave', 'Calgary', 'T2P 0L3', 'AB', 'CA','2023-03-12','2023-03-12',0),
    (86, 'company', 'TechGenius Canada','https://invitro.ca/api/organization/86.jpg', '999-000-1111',3636, 'Genius St', 'Edmonton', 'T5J 2H7', 'AB', 'CA','2023-06-30','2023-06-30',0),
    (87, 'company', 'DataLink Solutions','https://invitro.ca/api/organization/87.jpg', '000-111-2222',3737, 'Link Dr', 'Regina', 'S4P 3A1', 'SK', 'CA','2023-03-15','2023-03-15',0),
    (88, 'company', 'InnovateTech Canada','https://invitro.ca/api/organization/88.jpg', '111-222-3333',3838, 'Innovate St', 'St. John''s', 'A1C 5T5', 'NL', 'CA','2023-08-14','2023-08-14',0),
    (89, 'company', 'TechSavvy Solutions','https://invitro.ca/api/organization/89.jpg', '222-333-4444',3939, 'Savvy Ave', 'Ottawa', 'K1P 1A4', 'ON', 'CA','2023-03-26','2023-03-26',0),
    (90, 'company', 'DataCraft Canada','https://invitro.ca/api/organization/90.jpg', '333-444-5555',4040, 'Craft St', 'Toronto', 'M5A 1A1', 'ON', 'CA','2023-04-23','2023-04-23',0),
    (91, 'company', 'TechWise Solutions','https://invitro.ca/api/organization/91.jpg', '444-555-6666',4141, 'Wise Ave', 'Vancouver', 'V6B 2R1', 'BC', 'CA','2023-04-07','2023-04-07',0),
    (92, 'company', 'DataStorm Canada','https://invitro.ca/api/organization/92.jpg', '555-666-7777',4242, 'Storm Dr', 'Montreal', 'H2W 1W3', 'QC', 'CA','2023-02-10','2023-02-10',0),
    (93, 'company', 'TechNetic Solutions','https://invitro.ca/api/organization/93.jpg', '666-777-8888',4343, 'Netic St', 'Calgary', 'T2P 0L3', 'AB', 'CA','2023-08-13','2023-08-13',0),
    (94, 'company', 'TechDynamics Canada','https://invitro.ca/api/organization/94.jpg', '888-999-0000',4545, 'Dynamics St', 'Regina', 'S4P 3A1', 'SK', 'CA','2023-07-06','2023-07-06',0),
    (95, 'company', 'DataScape Solutions','https://invitro.ca/api/organization/95.jpg', '999-000-1111',4646, 'Scape Dr', 'St. John''s', 'A1C 5T5', 'NL', 'CA','2023-06-04','2023-06-04',0),
    (96, 'company', 'Strategic Partners Consulting','https://invitro.ca/api/organization/96.jpg', '111-222-3333',1001, 'Strategy St', 'Toronto', 'M5A 1A1', 'ON', 'CA','2023-03-05','2023-03-05',0),
    (97, 'company', 'Management Minds Inc.','https://invitro.ca/api/organization/97.jpg', '222-333-4444',1002, 'Leadership Blvd', 'Vancouver', 'V6B 2R1', 'BC', 'CA','2023-06-12','2023-06-12',0),
    (98, 'company', 'Capital Alliance Group','https://invitro.ca/api/organization/98.jpg', '333-444-5555',1003, 'Investment Dr', 'Montreal', 'H2W 1W3', 'QC', 'CA','2023-09-01','2023-09-01',0),
    (99, 'company', 'Visionary Consulting Partners','https://invitro.ca/api/organization/99.jpg', '444-555-6666',1004, 'Vision St', 'Calgary', 'T2P 0L3', 'AB', 'CA','2023-08-20','2023-08-20',0),
    (100, 'company', 'Insightful Solutions Inc.','https://invitro.ca/api/organization/100.jpg', '555-666-7777',1005, 'Insight Dr', 'Edmonton', 'T5J 2H7', 'AB', 'CA','2023-06-12','2023-06-12',0),
    (101, 'company', 'Executive Edge Consulting','https://invitro.ca/api/organization/101.jpg', '666-777-8888',1006, 'Executive Ave', 'Regina', 'S4P 3A1', 'SK', 'CA','2023-10-13','2023-10-13',0),
    (102, 'company', 'Strategix Partners Inc.','https://invitro.ca/api/organization/102.jpg', '777-888-9999',1007, 'Strategix Blvd', 'St. John''s', 'A1C 5T5', 'NL', 'CA','2023-02-16','2023-02-16',0),
    (103, 'company', 'Capital Growth Advisors','https://invitro.ca/api/organization/103.jpg', '888-999-0000',1008, 'Growth St', 'Ottawa', 'K1P 1A4', 'ON', 'CA','2023-10-15','2023-10-15',0),
    (104, 'company', 'Management Solutions Canada','https://invitro.ca/api/organization/104.jpg', '999-000-1111',1009, 'Management Blvd', 'Toronto', 'M5A 1A1', 'ON', 'CA','2023-09-14','2023-09-14',0),
    (105, 'company', 'Investment Visionaries Inc.','https://invitro.ca/api/organization/105.jpg', '000-111-2222',1010, 'Visionaries Dr', 'Vancouver', 'V6B 2R1', 'BC', 'CA','2023-12-09','2023-12-09',0),
    (106, 'company', 'Consulting Alliance Group','https://invitro.ca/api/organization/106.jpg', '111-222-3333',1011, 'Consulting St', 'Montreal', 'H2W 1W3', 'QC', 'CA','2023-09-11','2023-09-11',0),
    (108, 'company', 'Capital Insights Consulting','https://invitro.ca/api/organization/108.jpg', '333-444-5555',1013, 'Insights Blvd', 'Edmonton', 'T5J 2H7', 'AB', 'CA','2023-02-28','2023-02-28',0),
    (109, 'company', 'Strategic Minds Canada','https://invitro.ca/api/organization/109.jpg', '444-555-6666',1014, 'Strategic Ave', 'Regina', 'S4P 3A1', 'SK', 'CA','2023-11-08','2023-11-08',0),
    (110, 'company', 'Visionary Consulting Group','https://invitro.ca/api/organization/110.jpg', '555-666-7777',1015, 'Visionary Dr', 'St. John''s', 'A1C 5T5', 'NL', 'CA','2023-10-13','2023-10-13',0),
    (111, 'company', 'Capital Insight Partners','https://invitro.ca/api/organization/111.jpg', '666-777-8888',1016, 'Insight Ave', 'Ottawa', 'K1P 1A4', 'ON', 'CA','2023-02-05','2023-02-05',0),
    (112, 'company', 'Management Solutions Inc.','https://invitro.ca/api/organization/112.jpg', '777-888-9999',1017, 'Management Dr', 'Toronto', 'M5A 1A1', 'ON', 'CA','2023-05-13','2023-05-13',0),
    (113, 'company', 'Consulting Edge Group','https://invitro.ca/api/organization/113.jpg', '888-999-0000',1018, 'Consulting Blvd', 'Vancouver', 'V6B 2R1', 'BC', 'CA','2023-04-06','2023-04-06',0),
    (115, 'company', 'Strategic Partners Canada','https://invitro.ca/api/organization/115.jpg', '000-111-2222',1020, 'Strategy Blvd', 'Calgary', 'T2P 0L3', 'AB', 'CA','2023-05-19','2023-05-19',0),
    (116, 'company', 'Management Minds Group','https://invitro.ca/api/organization/116.jpg', '111-222-3333',1021, 'Management Dr', 'Edmonton', 'T5J 2H7', 'AB', 'CA','2023-08-05','2023-08-05',0),
    (117, 'company', 'Capital Alliance Consulting','https://invitro.ca/api/organization/117.jpg', '222-333-4444',1022, 'Alliance Ave', 'Regina', 'S4P 3A1', 'SK', 'CA','2023-02-05','2023-02-05',0),
    (118, 'company', 'Visionary Solutions Inc.','https://invitro.ca/api/organization/118.jpg', '333-444-5555',1023, 'Solutions St', 'St. John''s', 'A1C 5T5', 'NL', 'CA','2023-08-26','2023-08-26',0),
    (119, 'company', 'Insightful Consulting Canada','https://invitro.ca/api/organization/119.jpg', '444-555-6666',1024, 'Insightful Blvd', 'Ottawa', 'K1P 1A4', 'ON', 'CA','2023-09-25','2023-09-25',0),
    (120, 'company', 'Executive Partners Group','https://invitro.ca/api/organization/120.jpg', '555-666-7777',1025, 'Executive Dr', 'Toronto', 'M5A 1A1', 'ON', 'CA','2023-05-03','2023-05-03',0),
    (123, 'company', 'Strategic Consulting Group','https://invitro.ca/api/organization/123.jpg', '888-999-0000',1028, 'Strategic Dr', 'Calgary', 'T2P 0L3', 'AB', 'CA','2023-06-19','2023-06-19',0),
    (125, 'company', 'Consulting Alliance Canada','https://invitro.ca/api/organization/125.jpg', '000-111-2222',1030, 'Alliance St', 'Regina', 'S4P 3A1', 'SK', 'CA','2023-01-31','2023-01-31',0),
    (126, 'company', 'Capital Minds Group','https://invitro.ca/api/organization/126.jpg', '111-222-3333',1031, 'Mindset Blvd', 'St. John''s', 'A1C 5T5', 'NL', 'CA','2023-08-28','2023-08-28',0),
    (128, 'company', 'Insightful Partners Canada','https://invitro.ca/api/organization/128.jpg', '333-444-5555',1033, 'Insightful Ave', 'Toronto', 'M5A 1A1', 'ON', 'CA','2023-03-29','2023-03-29',0),
    (129, 'company', 'Executive Consulting Group','https://invitro.ca/api/organization/129.jpg', '444-555-6666',1034, 'Executive St', 'Vancouver', 'V6B 2R1', 'BC', 'CA','2023-03-30','2023-03-30',0),
    (130, 'company', 'Capital Insights Canada','https://invitro.ca/api/organization/130.jpg', '555-666-7777',1035, 'Insights Blvd', 'Montreal', 'H2W 1W3', 'QC', 'CA','2023-04-03','2023-04-03',0),
    (131, 'company', 'Leadership Solutions Group','https://invitro.ca/api/organization/131.jpg', '666-777-8888',1036, 'Leadership Dr', 'Calgary', 'T2P 0L3', 'AB', 'CA','2023-05-04','2023-05-04',0),
    (132, 'company', 'Strategic Edge Canada','https://invitro.ca/api/organization/132.jpg', '777-888-9999',1037, 'Strategic Blvd', 'Edmonton', 'T5J 2H7', 'AB', 'CA','2023-03-19','2023-03-19',0),
    (133, 'company', 'Management Alliance Partners','https://invitro.ca/api/organization/133.jpg', '888-999-0000',1038, 'Alliance Dr', 'Regina', 'S4P 3A1', 'SK', 'CA','2023-02-21','2023-02-21',0),
    (134, 'company', 'Visionary Insights Canada','https://invitro.ca/api/organization/134.jpg', '999-000-1111',1039, 'Visionary St', 'St. John''s', 'A1C 5T5', 'NL', 'CA','2023-07-24','2023-07-24',0),
    (135, 'company', 'Insightful Consulting Inc.','https://invitro.ca/api/organization/135.jpg', '000-111-2222',1040, 'Insightful Ave', 'Ottawa', 'K1P 1A4', 'ON', 'CA','2023-07-28','2023-07-28',0),
    (136, 'company', 'Executive Partners Canada','https://invitro.ca/api/organization/136.jpg', '111-222-3333',1041, 'Executive Dr', 'Toronto', 'M5A 1A1', 'ON', 'CA','2023-05-13','2023-05-13',0),
    (137, 'company', 'Capital Consulting Group','https://invitro.ca/api/organization/137.jpg', '222-333-4444',1042, 'Consulting St', 'Vancouver', 'V6B 2R1', 'BC', 'CA','2023-01-27','2023-01-27',0),
    (138, 'company', 'Management Vision Inc.','https://invitro.ca/api/organization/138.jpg', '333-444-5555',1043, 'Management Ave', 'Montreal', 'H2W 1W3', 'QC', 'CA','2023-08-08','2023-08-08',0),
    (139, 'company', 'Consulting Edge Canada','https://invitro.ca/api/organization/139.jpg', '444-555-6666',1044, 'Edge Blvd', 'Calgary', 'T2P 0L3', 'AB', 'CA','2023-02-24','2023-02-24',0),
    (140, 'company', 'Leadership Solutions Canada','https://invitro.ca/api/organization/140.jpg', '555-666-7777',1045, 'Leadership Dr', 'Edmonton', 'T5J 2H7', 'AB', 'CA','2023-03-14','2023-03-14',0),
    (141, 'company', 'Strategic Insights Group','https://invitro.ca/api/organization/141.jpg', '666-777-8888',1046, 'Strategic St', 'Regina', 'S4P 3A1', 'SK', 'CA','2023-02-05','2023-02-05',0),
    (142, 'company', 'Capital Edge Canada','https://invitro.ca/api/organization/142.jpg', '777-888-9999',1047, 'Edge Ave', 'St. John''s', 'A1C 5T5', 'NL', 'CA','2023-08-12','2023-08-12',0),
    (143, 'company', 'Management Alliance Canada','https://invitro.ca/api/organization/143.jpg', '888-999-0000',1048, 'Management Dr', 'Ottawa', 'K1P 1A4', 'ON', 'CA','2023-04-15','2023-04-15',0),
    (144, 'company', 'Consulting Partners Group','https://invitro.ca/api/organization/144.jpg', '999-000-1111',1049, 'Partners St', 'Toronto', 'M5A 1A1', 'ON', 'CA','2023-05-26','2023-05-26',0),
    (145, 'company', 'Visionary Consulting Canada','https://invitro.ca/api/organization/145.jpg', '000-111-2222',1050, 'Visionary Blvd', 'Vancouver', 'V6B 2R1', 'BC', 'CA','2023-04-18','2023-04-18',0),
    (146, 'company', 'Insightful Solutions Group','https://invitro.ca/api/organization/146.jpg', '111-222-3333',1051, 'Insightful Dr', 'Montreal', 'H2W 1W3', 'QC', 'CA','2023-05-12','2023-05-12',0),
    (147, 'company', 'KeySpire Inc.','https://invitro.ca/api/organization/147.jpg', '333-444-5555',1052, 'Common Ave', 'Ottawa', 'T2P 0L3', 'ON', 'CA','2023-10-09','2023-10-09',0),
    (148, 'company', 'Waterfall Effect Inc.','https://invitro.ca/api/organization/148.jpg', '444-555-6666',1053, 'Cliff Blvd', 'Montreal', 'T5J 2H7', 'QC', 'CA','2023-01-15','2023-01-15',0),
    (149, 'company', 'SpaceX','https://invitro.ca/api/organization/149.jpg', '555-666-7777',1054, 'Mayhem Dr', 'Regina', 'S4P 3A1', 'SK', 'CA','2023-09-01','2023-09-01',0),
    (150, 'company', 'Boring Ltd.','https://invitro.ca/api/organization/150.jpg', '666-777-8888',1055, 'Assasin Rd', 'St. John''s', 'A1C 5T5', 'NL', 'CA','2023-02-17','2023-02-17',0);


    /* SYNTHETIC EXPERIENCE DATA GENERATED USING OPEN AI CHATGPT 3.5 AND MICROSOFT EXCEL */
    INSERT INTO experience (experience_id, user_id, job_title, job_description, organization_id, start_date, end_date, creation_date, modified_date, deleted)
    VALUES
    (1,48,'Business Development','Identified and pursued new business opportunities, negotiating partnerships and contracts.',64,'2002-07-17','2007-12-31','2023-09-23','2023-10-17',0),
    (2,31,'Management Trainee','Participated in leadership development programs and rotational assignments.',144,'1999-09-22','2005-12-31','2023-05-31','2023-09-19',0),
    (3,45,'Management Trainee','Participated in leadership development programs and rotational assignments.',141,'2008-06-12','2015-12-31','2023-09-02','2023-11-23',0),
    (4,45,'Data Analyst',null,118,'2015-12-31','2016-12-31','2023-08-13','2023-09-16',0),
    (5,13,'Entrepreneurial Coach','Coached individuals on entrepreneurship skills, helping them launch and grow their businesses.',81,'2010-07-16','2015-12-31','2023-10-26','2023-11-03',0),
    (6,39,'Entrepreneurial Coach','Facilitated workshops and seminars on entrepreneurship and business development.',86,'2007-02-11','2012-12-31','2023-06-21','2023-12-28',0),
    (7,10,'Entrepreneur','Founded and managed a successful startup, overseeing all aspects of business operations.',136,'2009-09-01','2013-12-31','2023-12-31','2023-12-31',0),
    (8,6,'Technology Manager','Oversaw the development and implementation of enterprise-wide IT systems and solutions.',58,'2003-02-09',null,'2023-11-15','2023-11-20',0),
    (9,15,'Data Analyst',null,125,'1995-12-01','2001-12-31','2023-03-01','2023-05-26',0),
    (10,26,'Business Operations','Implemented lean principles and process improvements to optimize operational efficiency.',61,'2010-01-25','2015-12-31','2023-10-25','2023-12-15',0),
    (11,36,'Data Engineer','Designed and implemented data pipelines and architectures to support data-driven applications.',102,'1996-11-06','2001-12-31','2023-11-23','2023-11-23',0),
    (12,38,'Management Trainee','Participated in leadership development programs and rotational assignments.',119,'1997-07-13','2004-12-31','2023-10-12','2023-11-06',0),
    (13,28,'Business Development','Identified and pursued new business opportunities, negotiating partnerships and contracts.',56,'1992-10-01','1999-12-31','2023-04-21','2023-09-18',0),
    (14,21,'Management Trainee','Rotated through various departments to gain exposure to different aspects of business operations.',87,'2009-04-06','2012-12-31','2023-05-13','2023-11-07',0),
    (15,37,'Management Consultant','Assessed organizational structures and processes, recommending improvements for efficiency.',141,'2008-11-21','2013-12-31','2023-03-02','2023-12-20',0),
    (16,1,'Business Analyst',null,73,'1998-01-17','2001-12-31','2023-05-22','2023-07-14',0),
    (17,34,'Business Analyst',null,142,'1999-06-26','2007-12-31','2023-08-27','2023-10-27',0),
    (18,30,'Entrepreneurial Coach','Coached individuals on entrepreneurship skills, helping them launch and grow their businesses.',130,'2001-02-14','2009-12-31','2023-08-14','2023-09-27',0),
    (19,36,'Entrepreneurial Coach','Coached individuals on entrepreneurship skills, helping them launch and grow their businesses.',92,'2001-12-31','2005-12-31','2023-11-18','2023-12-14',0),
    (20,13,'Technology Strategist','Developed and executed technology roadmaps aligned with business goals and objectives.',108,'2015-12-31','2016-12-31','2023-11-07','2023-12-13',0),
    (21,18,'Business Analyst','Analyzed market trends and competitor strategies to identify opportunities for growth.',85,'1992-10-27','1995-12-31','2023-03-14','2023-11-02',0),
    (22,20,'Business Development','Identified and pursued new business opportunities, negotiating partnerships and contracts.',77,'1998-08-02','2002-12-31','2023-07-23','2023-08-02',0),
    (23,33,'Data Engineer','Designed and implemented scalable data infrastructure to support business analytics.',126,'2008-09-20','2013-12-31','2023-10-30','2023-11-18',0),
    (24,41,'Technology Manager','Led cross-functional teams in the development and implementation of innovative technology solutions.',79,'2004-05-28','2009-12-31','2023-11-19','2023-11-27',0),
    (25,2,'Entrepreneur','Founded and managed a successful startup, overseeing all aspects of business operations.',93,'2001-08-27','2004-12-31','2023-08-31','2023-09-22',0),
    (26,50,'Data Scientist','Built predictive models and conducted statistical analyses to uncover actionable insights.',148,'1997-10-29 ','2002-12-31 ','2023-01-03','2023-06-12',1),
    (27,31,'Data Analyst','Developed dashboards and reports to visualize and communicate data-driven insights.',91,'2005-12-31','2010-12-31','2023-05-15','2023-05-25',0),
    (28,22,'Technology Consultant',null,58,'2005-07-08','2009-12-31','2023-02-02','2023-07-05',0),
    (29,34,'Management Consultant','Advised top-level executives on strategic decision-making and process optimization.',135,'2007-12-31','2015-12-31','2023-08-22','2023-09-21',0),
    (30,27,'Business Analyst','Analyzed market trends and competitor strategies to identify opportunities for growth.',71,'2009-06-07','2014-12-31','2023-08-19','2023-08-27',0),
    (31,10,'Technology Manager','Led cross-functional teams in the development and implementation of innovative technology solutions.',150,'2013-12-31','2016-12-31','2023-12-30','2023-12-31',0),
    (32,47,'Business Analyst','Analyzed market trends and competitor strategies to identify opportunities for growth.',87,'2000-06-04','2005-12-31','2023-02-27','2023-10-02',0),
    (33,15,'Entrepreneurial Advisor','Provided mentorship and guidance to startup founders, helping them navigate challenges.',92,'2001-12-31','2006-12-31','2023-02-26','2023-10-10',0),
    (34,49,'Management Executive','Directed and supervised departmental activities to achieve organizational objectives.',72,'1994-07-12 ','1999-12-31 ','2023-06-16','2023-12-03',0),
    (35,22,'Business Operations','Streamlined workflows and optimized resource allocation to improve efficiency and reduce costs.',72,'2009-12-31','2012-12-31','2023-02-06','2023-06-01',0),
    (36,12,'Technology Consultant','Provided technical expertise and guidance to clients on IT infrastructure and software solutions.',91,'1995-01-10','1999-12-31','2023-05-01','2023-07-14',0),
    (37,16,'Entrepreneurial Coach','Facilitated workshops and seminars on entrepreneurship and business development.',103,'2004-07-05',null,'2023-10-03','2023-11-06',0),
    (38,24,'Business Analyst','Conducted market research and financial analysis to support strategic decision-making.',70,'2008-08-29','2011-12-31','2023-05-11','2023-11-22',0),
    (39,41,'Business Development','Identified and pursued new business opportunities, negotiating partnerships and contracts.',129,'2009-12-31','2014-12-31','2023-11-23','2023-12-02',0),
    (40,43,'Data Engineer','Designed and implemented data pipelines and architectures to support data-driven applications.',55,'2011-03-22','2018-12-31','2023-04-20','2023-12-10',0),
    (41,3,'Data Analyst','Collected, cleaned, and analyzed data to support decision-making and improve business processes.',111,'1999-09-23','2003-12-31','2023-11-17','2023-12-01',0),
    (42,3,'Entrepreneurial Advisor','Mentored aspiring entrepreneurs, providing guidance on business planning and strategy.',140,'2003-12-31','2006-12-31','2023-12-12','2023-12-30',0),
    (43,45,'Entrepreneurial Advisor',null,113,'2016-12-31','2017-12-31','2023-08-27','2023-12-12',0),
    (44,28,'Management Trainee','Rotated through various departments to gain exposure to different aspects of business operations.',148,'1999-12-31','2005-12-31','2023-04-11','2023-07-16',0),
    (45,8,'Entrepreneurial Advisor','Provided mentorship and guidance to startup founders, helping them navigate challenges.',139,'1998-12-28','2003-12-31','2023-09-27','2023-11-09',0),
    (46,25,'Entrepreneur','Launched and managed multiple ventures, leveraging technology to drive innovation.',58,'1997-02-18','2004-12-31','2023-02-12','2023-11-17',0),
    (47,4,'Management Executive','Directed and supervised departmental activities to achieve organizational objectives.',131,'1994-10-14','1997-12-31','2023-04-24','2023-05-27',0),
    (48,34,'Data Scientist','Utilized advanced analytics and machine learning techniques to extract insights from large datasets.',84,'2015-12-31','2016-12-31','2023-08-04','2023-11-28',0),
    (49,15,'Technology Consultant','Evaluated and recommended technology solutions to address clients''business needs.',54,'2006-12-31','2010-12-31','2023-03-10','2023-08-03',0),
    (50,46,'Entrepreneurial Coach','Facilitated workshops and seminars on entrepreneurship and business development.',136,'2001-01-20','2006-12-31','2023-05-27','2023-10-03',0),
    (51,22,'Management Executive','Directed and supervised departmental activities to achieve organizational objectives.',82,'2012-12-31','2015-12-31','2023-01-16','2023-12-09',0),
    (52,21,'Data Analyst',null,54,'2012-12-31','2015-12-31','2023-04-28','2023-10-14',0),
    (53,47,'Management Consultant','Advised top-level executives on strategic decision-making and process optimization.',108,'2005-12-31','2010-12-31','2023-02-21','2023-11-27',0),
    (54,32,'Technology Consultant','Evaluated and recommended technology solutions to address clients''business needs.',78,'2001-11-11','2006-12-31','2023-02-05','2023-03-01',0),
    (55,30,'Technology Strategist','Developed and executed technology roadmaps aligned with business goals and objectives.',116,'2009-12-31','2016-12-31','2023-08-22','2023-08-31',0),
    (56,4,'Data Engineer','Designed and implemented data pipelines and architectures to support data-driven applications.',115,'1997-12-31','1999-12-31','2023-05-07','2023-09-01',0),
    (57,9,'Entrepreneurial Coach','Facilitated workshops and seminars on entrepreneurship and business development.',89,'1993-04-25','1998-12-31','2023-07-03','2023-12-20',0),
    (58,48,'Management Trainee','Rotated through various departments to gain exposure to different aspects of business operations.',147,'2007-12-31','2011-12-31','2023-09-27','2023-12-27',0),
    (59,36,'Technology Strategist','Developed and executed technology roadmaps aligned with business goals and objectives.',83,'2005-12-31','2010-12-31','2023-11-19','2023-12-15',0),
    (60,30,'Business Analyst','Conducted market research and financial analysis to support strategic decision-making.',61,'2016-12-31','2017-12-31','2023-09-12','2023-10-12',0),
    (61,7,'Business Development','Cultivated and maintained relationships with key clients, driving revenue growth.',140,'2008-03-30','2011-12-31','2023-02-23','2023-09-17',0),
    (62,18,'Management Consultant','Advised top-level executives on strategic decision-making and process optimization.',129,'1995-12-31','1998-12-31','2023-03-25','2023-11-10',0),
    (63,15,'Business Operations','Implemented lean principles and process improvements to optimize operational efficiency.',96,'2010-12-31','2013-12-31','2023-03-02','2023-12-12',0),
    (64,27,'Management Consultant','Advised top-level executives on strategic decision-making and process optimization.',134,'2014-12-31','2018-12-31','2023-08-12','2023-12-26',0),
    (65,49,'Data Engineer',null,91,'1999-12-31 ','2004-12-31 ','2023-07-01','2023-07-04',0),
    (66,15,'Management Executive','Spearheaded strategic initiatives and change management efforts to drive organizational growth.',73,'2013-12-31','2015-12-31','2023-02-10','2023-08-21',0),
    (67,43,'Entrepreneurial Coach','Coached individuals on entrepreneurship skills, helping them launch and grow their businesses.',52,'2018-12-31','2019-12-31','2023-05-06','2023-08-10',0),
    (68,12,'Business Operations','Streamlined workflows and optimized resource allocation to improve efficiency and reduce costs.',51,'1999-12-31','2002-12-31','2023-04-10','2023-10-28',0),
    (69,13,'Business Analyst',null,60,'2016-12-31','2017-12-31','2023-10-28','2023-12-22',0),
    (70,7,'Management Trainee',null,70,'2011-12-31','2013-12-31','2023-03-08','2023-12-31',0),
    (71,33,'Entrepreneurial Coach','Facilitated workshops and seminars on entrepreneurship and business development.',101,'2013-12-31','2017-12-31','2023-10-19','2023-11-22',0),
    (72,9,'Technology Strategist','Defined technology strategies and roadmaps to support long-term business objectives.',85,'1998-12-31','2002-12-31','2023-06-27','2023-08-11',0),
    (73,36,'Business Analyst','Conducted market research and financial analysis to support strategic decision-making.',136,'2010-12-31',null,'2023-12-06','2023-12-06',0),
    (74,42,'Technology Consultant','Provided technical expertise and guidance to clients on IT infrastructure and software solutions.',99,'2008-05-02','2013-12-31','2023-08-22','2023-12-28',0),
    (75,30,'Management Consultant','Assessed organizational structures and processes, recommending improvements for efficiency.',88,'2017-12-31','2018-12-31','2023-08-20','2023-09-10',1),
    (76,32,'Business Operations','Implemented lean principles and process improvements to optimize operational efficiency.',125,'2006-12-31','2010-12-31','2023-01-24','2023-12-22',0),
    (77,38,'Data Analyst','Developed dashboards and reports to visualize and communicate data-driven insights.',146,'2004-12-31','2010-12-31','2023-09-17','2023-10-11',0),
    (78,25,'Technology Manager','Oversaw the development and implementation of enterprise-wide IT systems and solutions.',117,'2004-12-31','2010-12-31','2023-02-13','2023-09-05',0),
    (79,28,'Data Analyst','Collected, cleaned, and analyzed data to support decision-making and improve business processes.',89,'2005-12-31','2010-12-31','2023-05-05','2023-08-19',0),
    (80,33,'Technology Strategist','Defined technology strategies and roadmaps to support long-term business objectives.',86,'2017-12-31',null,'2023-10-31','2023-12-20',0),
    (81,44,'Technology Manager','Oversaw the development and implementation of enterprise-wide IT systems and solutions.',131,'1997-01-21','2002-12-31','2023-12-10','2023-12-29',0),
    (82,45,'Technology Consultant','Evaluated and recommended technology solutions to address clients''business needs.',126,'2017-12-31','2018-12-31','2023-08-16','2023-11-06',0),
    (83,14,'Business Development','Cultivated and maintained relationships with key clients, driving revenue growth.',74,'2008-08-20','2010-12-31','2023-06-05','2023-07-15',1),
    (84,29,'Entrepreneurial Advisor','Mentored aspiring entrepreneurs, providing guidance on business planning and strategy.',57,'2003-03-24','2008-12-31','2023-04-06','2023-12-06',0),
    (85,27,'Data Scientist','Utilized advanced analytics and machine learning techniques to extract insights from large datasets.',92,'2018-12-31','2022-12-31','2023-08-11','2023-08-16',0),
    (86,17,'Technology Strategist','Defined technology strategies and roadmaps to support long-term business objectives.',68,'1996-10-19',null,'2023-07-14','2023-12-30',0),
    (87,48,'Data Analyst','Collected, cleaned, and analyzed data to support decision-making and improve business processes.',140,'2011-12-31',null,'2023-10-01','2023-12-28',0),
    (88,41,'Management Trainee','Rotated through various departments to gain exposure to different aspects of business operations.',109,'2014-12-31','2018-12-31','2023-11-29','2023-12-12',0),
    (89,32,'Management Executive',null,111,'2010-12-31',null,'2023-02-07','2023-05-05',0),
    (90,1,'Management Consultant','Advised top-level executives on strategic decision-making and process optimization.',92,'2001-12-31','2002-12-31','2023-06-08','2023-10-22',0),
    (91,8,'Technology Consultant','Evaluated and recommended technology solutions to address clients''business needs.',104,'2003-12-31','2007-12-31','2023-09-10','2023-12-17',0),
    (92,5,'Technology Strategist','Developed and executed technology roadmaps aligned with business goals and objectives.',81,'2010-04-05','2015-12-31','2023-07-22','2023-10-27',1),
    (93,13,'Management Consultant','Assessed organizational structures and processes, recommending improvements for efficiency.',91,'2017-12-31','2018-12-31','2023-10-20','2023-12-18',0),
    (94,50,'Entrepreneur','Launched and managed multiple ventures, leveraging technology to drive innovation.',82,'2002-12-31 ','2007-12-31 ','2023-01-17','2023-08-18',0),
    (95,39,'Technology Strategist','Defined technology strategies and roadmaps to support long-term business objectives.',96,'2012-12-31','2017-12-31','2023-07-05','2023-10-31',0),
    (96,31,'Entrepreneurial Advisor','Provided mentorship and guidance to startup founders, helping them navigate challenges.',79,'2010-12-31','2015-12-31','2023-05-10','2023-09-08',0),
    (97,49,'Entrepreneurial Coach',null,97,'2004-12-31 ','2009-12-31 ','2023-06-09','2023-11-06',0),
    (98,42,'Business Operations','Streamlined workflows and optimized resource allocation to improve efficiency and reduce costs.',65,'2013-12-31','2017-12-31','2023-08-22','2023-09-23',0),
    (99,35,'Data Analyst','Collected, cleaned, and analyzed data to support decision-making and improve business processes.',145,'2002-10-12','2007-12-31','2023-05-07','2023-09-04',0),
    (100,13,'Data Scientist','Built predictive models and conducted statistical analyses to uncover actionable insights.',109,'2018-12-31','2019-12-31','2023-10-25','2023-11-30',0),
    (101,29,'Technology Consultant','Provided technical expertise and guidance to clients on IT infrastructure and software solutions.',84,'2008-12-31','2013-12-31','2023-04-10','2023-09-17',0),
    (102,9,'Business Analyst','Analyzed market trends and competitor strategies to identify opportunities for growth.',123,'2002-12-31','2005-12-31','2023-06-23','2023-10-05',0),
    (103,35,'Entrepreneurial Advisor','Mentored aspiring entrepreneurs, providing guidance on business planning and strategy.',120,'2007-12-31','2011-12-31','2023-04-22','2023-06-28',0),
    (104,45,'Business Operations','Implemented lean principles and process improvements to optimize operational efficiency.',90,'2018-12-31','2019-12-31','2023-08-20','2023-09-11',0),
    (105,22,'Data Engineer','Designed and implemented data pipelines and architectures to support data-driven applications.',137,'2015-12-31',null,'2023-01-27','2023-08-05',0),
    (106,12,'Management Executive','Directed and supervised departmental activities to achieve organizational objectives.',113,'2002-12-31','2004-12-31','2023-05-02','2023-11-15',0),
    (107,39,'Business Analyst','Analyzed market trends and competitor strategies to identify opportunities for growth.',97,'2017-12-31','2021-12-31','2023-07-09','2023-08-08',0),
    (108,19,'Entrepreneur','Founded and managed a successful startup, overseeing all aspects of business operations.',83,'2010-02-27','2012-12-31','2023-12-19','2023-12-25',0),
    (109,43,'Technology Strategist','Developed and executed technology roadmaps aligned with business goals and objectives.',120,'2019-12-31','2020-12-31','2023-04-21','2023-08-04',0),
    (110,26,'Management Executive','Spearheaded strategic initiatives and change management efforts to drive organizational growth.',55,'2015-12-31','2019-12-31','2023-11-07','2023-12-04',0),
    (111,35,'Technology Consultant','Provided technical expertise and guidance to clients on IT infrastructure and software solutions.',90,'2011-12-31','2015-12-31','2023-05-15','2023-11-01',0),
    (112,43,'Business Analyst','Conducted market research and financial analysis to support strategic decision-making.',136,'2020-12-31','2021-12-31','2023-05-09','2023-11-11',0),
    (113,38,'Entrepreneurial Advisor','Provided mentorship and guidance to startup founders, helping them navigate challenges.',88,'2010-12-31','2015-12-31','2023-09-27','2023-10-28',0),
    (114,10,'Business Development','Identified and pursued new business opportunities, negotiating partnerships and contracts.',120,'2016-12-31','2018-12-31','2023-12-31','2023-12-31',0),
    (115,10,'Management Trainee',null,142,'2018-12-31',null,'2023-12-31','2023-12-31',0),
    (116,45,'Management Executive','Spearheaded strategic initiatives and change management efforts to drive organizational growth.',90,'2019-12-31','2020-12-31','2023-08-30','2023-09-08',0),
    (117,43,'Management Consultant','Assessed organizational structures and processes, recommending improvements for efficiency.',129,'2021-12-31','2022-12-31','2023-04-25','2023-06-16',0),
    (118,43,'Data Scientist','Built predictive models and conducted statistical analyses to uncover actionable insights.',146,'2022-12-31','2023-01-31','2023-04-27','2023-05-30',0),
    (119,49,'Technology Strategist','Developed and executed technology roadmaps aligned with business goals and objectives.',100,'2009-12-31 ','2014-12-31 ','2023-07-02','2023-09-20',0),
    (120,48,'Entrepreneurial Advisor','Mentored aspiring entrepreneurs, providing guidance on business planning and strategy.',72,'2015-12-31 ','2020-12-31 ','2023-10-07','2023-10-13',0),
    (121,29,'Business Operations','Streamlined workflows and optimized resource allocation to improve efficiency and reduce costs.',128,'2013-12-31','2017-12-31','2023-03-31','2023-08-11',0),
    (122,15,'Data Engineer','Designed and implemented scalable data infrastructure to support business analytics.',65,'2015-12-31',null,'2023-03-06','2023-03-12',0),
    (123,30,'Data Scientist','Built predictive models and conducted statistical analyses to uncover actionable insights.',106,'2018-12-31','2019-12-31','2023-09-08','2023-11-23',0),
    (124,37,'Data Scientist','Built predictive models and conducted statistical analyses to uncover actionable insights.',139,'2013-12-31','2018-12-31','2023-03-02','2023-05-08',0),
    (125,48,'Technology Consultant','Provided technical expertise and guidance to clients on IT infrastructure and software solutions.',110,'2020-12-31 ','2022-12-31 ','2023-09-27','2023-11-20',0),
    (126,18,'Data Scientist','Utilized advanced analytics and machine learning techniques to extract insights from large datasets.',74,'1998-12-31',null,'2023-03-05','2023-04-20',0),
    (127,5,'Business Analyst','Conducted market research and financial analysis to support strategic decision-making.',94,'2015-12-31','2019-12-31','2023-08-10','2023-09-27',0),
    (128,40,'Entrepreneur','Founded and managed a successful startup, overseeing all aspects of business operations.',52,'1995-11-14',null,'2023-01-19','2023-06-21',1),
    (129,8,'Business Operations','Implemented lean principles and process improvements to optimize operational efficiency.',120,'2007-12-31','2010-12-31','2023-09-16','2023-11-14',0),
    (130,5,'Management Consultant','Assessed organizational structures and processes, recommending improvements for efficiency.',65,'2019-12-31','2021-12-31','2023-07-29','2023-12-02',0),
    (131,2,'Technology Manager','Led cross-functional teams in the development and implementation of innovative technology solutions.',78,'2004-12-31','2006-12-31','2023-08-20','2023-12-27',0),
    (132,2,'Business Development','Identified and pursued new business opportunities, negotiating partnerships and contracts.',61,'2006-12-31','2007-12-31','2023-09-02','2023-11-23',0),
    (133,7,'Data Analyst','Developed dashboards and reports to visualize and communicate data-driven insights.',76,'2013-12-31',null,'2023-02-22','2023-07-10',0),
    (134,13,'Entrepreneur','Launched and managed multiple ventures, leveraging technology to drive innovation.',85,'2019-12-31','2021-12-31','2023-10-28','2023-12-20',0),
    (135,37,'Entrepreneur',null,72,'2018-12-31','2022-12-31','2023-02-15','2023-06-28',0),
    (136,34,'Entrepreneur','Founded and managed a successful startup, overseeing all aspects of business operations.',138,'2016-12-31','2017-12-31','2023-08-23','2023-11-21',0),
    (137,34,'Technology Manager','Led cross-functional teams in the development and implementation of innovative technology solutions.',87,'2017-12-31','2018-12-31','2023-08-10','2023-09-24',0),
    (138,5,'Data Scientist','Built predictive models and conducted statistical analyses to uncover actionable insights.',138,'2021-12-31','2022-12-31','2023-08-02','2023-08-16',0),
    (139,29,'Management Executive','Directed and supervised departmental activities to achieve organizational objectives.',89,'2017-12-31','2020-12-31','2023-04-07','2023-12-21',0),
    (140,47,'Data Scientist','Utilized advanced analytics and machine learning techniques to extract insights from large datasets.',63,'2010-12-31','2015-12-31','2023-03-14','2023-07-09',0),
    (141,12,'Data Engineer','Designed and implemented data pipelines and architectures to support data-driven applications.',69,'2004-12-31',null,'2023-04-19','2023-04-24',0),
    (142,47,'Entrepreneur','Founded and managed a successful startup, overseeing all aspects of business operations.',132,'2015-12-31','2020-12-31','2023-03-14','2023-12-30',0),
    (143,38,'Technology Consultant','Evaluated and recommended technology solutions to address clients''business needs.',63,'2015-12-31','2020-12-31','2023-10-16','2023-12-12',0),
    (144,5,'Entrepreneur','Launched and managed multiple ventures, leveraging technology to drive innovation.',82,'2022-12-31',null,'2023-07-23','2023-10-03',0),
    (145,30,'Entrepreneur','Launched and managed multiple ventures, leveraging technology to drive innovation.',76,'2019-12-31','2020-12-31','2023-08-20','2023-12-14',0),
    (146,23,'Entrepreneurial Coach','Coached individuals on entrepreneurship skills, helping them launch and grow their businesses.',57,'1997-06-09','2000-12-31','2023-08-09','2023-12-22',0),
    (147,26,'Data Engineer','Designed and implemented scalable data infrastructure to support business analytics.',75,'2019-12-31','2021-01-01','2023-11-07','2023-11-21',0),
    (148,38,'Business Operations','Implemented lean principles and process improvements to optimize operational efficiency.',146,'2020-12-31','2021-12-31','2023-10-02','2023-12-01',0),
    (149,3,'Technology Consultant','Provided technical expertise and guidance to clients on IT infrastructure and software solutions.',96,'2006-12-31','2008-12-31','2023-11-22','2023-12-04',0),
    (150,37,'Technology Manager','Oversaw the development and implementation of enterprise-wide IT systems and solutions.',68,'2022-12-31','2023-01-31','2023-03-01','2023-12-21',0),
    (151,21,'Entrepreneurial Advisor','Mentored aspiring entrepreneurs, providing guidance on business planning and strategy.',55,'2015-12-31',null,'2023-05-18','2023-12-30',0),
    (152,24,'Management Consultant','Assessed organizational structures and processes, recommending improvements for efficiency.',113,'2011-12-31','2014-12-31','2023-05-24','2023-11-09',0),
    (153,34,'Business Development','Identified and pursued new business opportunities, negotiating partnerships and contracts.',92,'2018-12-31','2019-12-31','2023-08-08','2023-11-01',0),
    (154,19,'Technology Manager',null,136,'2012-12-31',null,'2023-12-28','2023-12-30',0),
    (155,38,'Management Executive','Spearheaded strategic initiatives and change management efforts to drive organizational growth.',100,'2021-12-31','2022-12-31','2023-09-23','2023-10-20',0),
    (156,4,'Entrepreneurial Coach','Coached individuals on entrepreneurship skills, helping them launch and grow their businesses.',90,'1999-12-31',null,'2023-05-16','2023-10-14',0),
    (157,2,'Management Trainee','Rotated through various departments to gain exposure to different aspects of business operations.',149,'2007-12-31',null,'2023-08-30','2023-10-08',0),
    (158,49,'Business Analyst','Conducted market research and financial analysis to support strategic decision-making.',143,'2014-12-31 ','2019-12-31 ','2023-06-12','2023-12-08',0),
    (159,25,'Business Development','Cultivated and maintained relationships with key clients, driving revenue growth.',102,'2010-12-31','2015-12-31','2023-02-24','2023-10-21',0),
    (160,25,'Management Trainee','Participated in leadership development programs and rotational assignments.',58,'2015-12-31','2019-12-31','2023-02-09','2023-12-31',0),
    (161,26,'Entrepreneurial Coach','Facilitated workshops and seminars on entrepreneurship and business development.',104,'2021-01-01','2022-12-31','2023-10-25','2023-12-20',0),
    (162,42,'Management Executive','Directed and supervised departmental activities to achieve organizational objectives.',69,'2017-12-31',null,'2023-08-15','2023-10-29',0),
    (163,43,'Entrepreneur','Launched and managed multiple ventures, leveraging technology to drive innovation.',63,'2023-01-31',null,'2023-05-09','2023-07-27',0),
    (164,9,'Management Consultant','Advised top-level executives on strategic decision-making and process optimization.',125,'2005-12-31','2007-12-31','2023-06-27','2023-08-08',0),
    (165,11,'Data Analyst','Collected, cleaned, and analyzed data to support decision-making and improve business processes.',140,'2002-11-07','2004-12-31','2023-08-04','2023-11-12',0),
    (166,25,'Data Analyst','Developed dashboards and reports to visualize and communicate data-driven insights.',150,'2019-12-31','2021-12-31','2023-02-26','2023-06-24',0),
    (167,27,'Entrepreneur','Founded and managed a successful startup, overseeing all aspects of business operations.',94,'2022-12-31','2023-01-31','2023-08-10','2023-09-12',0),
    (168,8,'Management Executive','Spearheaded strategic initiatives and change management efforts to drive organizational growth.',80,'2010-12-31','2012-12-31','2023-09-10','2023-10-03',0),
    (169,11,'Entrepreneurial Advisor','Mentored aspiring entrepreneurs, providing guidance on business planning and strategy.',116,'2004-12-31',null,'2023-08-08','2023-08-10',0),
    (170,8,'Data Engineer',null,149,'2012-12-31',null,'2023-09-08','2023-12-05',0),
    (171,49,'Management Consultant','Assessed organizational structures and processes, recommending improvements for efficiency.',94,'2019-12-31 ',null,'2023-06-20','2023-08-09',0),
    (172,48,'Business Operations',null,86,'2022-12-31 ',null,'2023-09-24','2023-10-04',0),
    (173,38,'Data Engineer','Designed and implemented scalable data infrastructure to support business analytics.',117,'2022-12-31',null,'2023-10-08','2023-11-26',0),
    (174,30,'Technology Manager','Oversaw the development and implementation of enterprise-wide IT systems and solutions.',98,'2020-12-31','2021-12-31','2023-09-11','2023-10-21',0),
    (175,24,'Data Scientist','Built predictive models and conducted statistical analyses to uncover actionable insights.',76,'2014-12-31',null,'2023-05-25','2023-10-15',0),
    (176,25,'Entrepreneurial Advisor','Provided mentorship and guidance to startup founders, helping them navigate challenges.',74,'2021-12-31','2022-12-31','2023-02-23','2023-10-08',0),
    (177,39,'Management Consultant','Advised top-level executives on strategic decision-making and process optimization.',70,'2021-12-31','2022-12-31','2023-06-26','2023-09-03',0),
    (178,37,'Business Development','Cultivated and maintained relationships with key clients, driving revenue growth.',82,'2023-01-31',null,'2023-02-18','2023-03-16',0),
    (179,39,'Data Scientist','Utilized advanced analytics and machine learning techniques to extract insights from large datasets.',132,'2022-12-31',null,'2023-07-01','2023-10-18',0),
    (180,41,'Data Analyst','Collected, cleaned, and analyzed data to support decision-making and improve business processes.',146,'2018-12-31','2021-12-31','2023-11-29','2023-12-22',0),
    (181,1,'Data Scientist','Utilized advanced analytics and machine learning techniques to extract insights from large datasets.',146,'2002-12-31',null,'2023-06-04','2023-11-05',0),
    (182,14,'Management Trainee','Participated in leadership development programs and rotational assignments.',146,'2010-12-31',null,'2023-06-13','2023-12-09',1),
    (183,3,'Business Operations','Streamlined workflows and optimized resource allocation to improve efficiency and reduce costs.',105,'2008-12-31',null,'2023-12-10','2023-12-24',0),
    (184,35,'Business Operations','Streamlined workflows and optimized resource allocation to improve efficiency and reduce costs.',143,'2015-12-31','2018-12-31','2023-05-04','2023-08-01',0),
    (185,34,'Management Trainee',null,77,'2019-12-31',null,'2023-08-14','2023-10-09',0),
    (186,30,'Business Development','Cultivated and maintained relationships with key clients, driving revenue growth.',78,'2021-12-31',null,'2023-08-19','2023-12-16',0),
    (187,47,'Technology Manager','Led cross-functional teams in the development and implementation of innovative technology solutions.',148,'2020-12-31',null,'2023-03-15','2023-03-21',0),
    (188,27,'Technology Manager',null,132,'2023-01-31',null,'2023-08-02','2023-08-23',0),
    (189,35,'Management Executive','Directed and supervised departmental activities to achieve organizational objectives.',112,'2018-12-31',null,'2023-05-15','2023-06-02',0),
    (190,45,'Data Engineer','Designed and implemented scalable data infrastructure to support business analytics.',69,'2020-12-31',null,'2023-08-19','2023-12-16',0),
    (191,25,'Technology Consultant','Evaluated and recommended technology solutions to address clients''business needs.',133,'2022-12-31',null,'2023-02-19','2023-10-23',0),
    (192,50,'Technology Manager','Oversaw the development and implementation of enterprise-wide IT systems and solutions.',80,'2007-12-31 ',null,'2023-01-23','2023-09-04',0),
    (193,41,'Entrepreneurial Advisor','Mentored aspiring entrepreneurs, providing guidance on business planning and strategy.',102,'2021-12-31',null,'2023-11-14','2023-11-18',0),
    (194,9,'Data Scientist','Utilized advanced analytics and machine learning techniques to extract insights from large datasets.',82,'2007-12-31',null,'2023-06-22','2023-10-14',0),
    (195,13,'Technology Manager','Oversaw the development and implementation of enterprise-wide IT systems and solutions.',81,'2021-12-31',null,'2023-11-02','2023-11-03',0),
    (196,44,'Business Development',null,73,'2002-12-31',null,'2023-12-09','2023-12-18',0),
    (197,29,'Data Engineer','Designed and implemented data pipelines and architectures to support data-driven applications.',130,'2020-12-31',null,'2023-04-11','2023-12-20',0),
    (198,23,'Technology Strategist','Developed and executed technology roadmaps aligned with business goals and objectives.',145,'2000-12-31',null,'2023-09-07','2023-09-25',0),
    (199,46,'Technology Strategist',null,95,'2006-12-31',null,'2023-06-15','2023-07-04',0),
    (200,26,'Technology Strategist','Defined technology strategies and roadmaps to support long-term business objectives.',126,'2022-12-31',null,'2023-11-10','2023-11-11',0);


    /* SYNTHETIC EDUCATION DATA GENERATED USING OPEN AI CHATGPT 3.5 AND MICROSOFT EXCEL */
    INSERT INTO education (education_id, user_id, organization_id, program, description, gpa, start_date, end_date, creation_date, modified_date, deleted)
    VALUES
    (1,1,45,'Bachelor of Science in Economics','Study of economic theories, principles, and analytical methods.',3.1,'1997-01-12','2001-01-11','2023-06-17','2023-09-02',0),
    (2,2,38,'Bachelor of Science in Management Science','Focuses on applying mathematical and analytical methods to management problems.',4,'2000-08-22','2004-08-21','2023-09-25','2023-12-14',0),
    (3,3,6,'Bachelor of Business Administration',null,3.4,'1998-09-19','2002-09-18','2023-12-17','2023-12-22',0),
    (4,4,37,'Bachelor of Science in Information Systems','Study of computer systems and their use in business settings.',3.3,'1993-10-10','1997-10-09','2023-08-29','2023-11-15',0),
    (5,5,49,'Bachelor of Commerce in Business Analytics','Emphasizes using data analysis to make strategic business decisions.',3.8,'2009-04-01','2013-03-31','2023-08-27','2023-11-30',0),
    (6,6,1,'Bachelor of Arts in Technology Management','Explores the intersection of technology and business management.',null,'2002-02-05','2006-02-04','2023-12-07','2023-12-29',0),
    (7,7,34,'Bachelor of Science in Business Informatics','Integration of business processes with information technology solutions.',2.8,'2007-03-26','2011-03-25','2023-05-13','2023-12-21',0),
    (8,8,47,'Bachelor of Business in Data Science','Focuses on the analysis and interpretation of large datasets.',3.9,'1996-12-23','2000-12-22','2023-10-30','2023-11-21',0),
    (9,9,12,'Bachelor of Management and Technology','Combines management principles with technology applications.',3,'1992-04-20','1996-04-19','2023-08-11','2023-08-11',0),
    (10,10,26,'Bachelor of Science in Business Technology','Study of technology''s role in modern business operations.',3.5,'2008-08-27','2012-08-26','2023-12-30','2023-12-30',0),
    (11,11,5,'Bachelor of Business Analytics and Operations','Focuses on optimizing business processes through data analysis.',2.8,'2001-11-03','2005-11-02','2023-10-08','2023-11-27',0),
    (12,12,10,'Bachelor of Science in Digital Business','Explores the impact of digital technologies on business models.',3.2,'1994-01-06','1998-01-05','2023-05-20','2023-07-07',0),
    (13,13,24,'Bachelor of Science in Business Intelligence','Study of techniques for extracting insights from business data.',2.5,'2009-07-12','2013-07-11','2023-12-20','2023-12-28',0),
    (14,14,26,'Bachelor of Business in Computational Business','Focuses on using computational methods to solve business problems.',2.8,'2007-08-16','2011-08-15','2023-07-03','2023-12-23',0),
    (15,15,35,'Bachelor of Arts in Business and Technology','Study of the integration of business concepts with technology.',4,'1994-11-27','1998-11-26','2023-09-10','2023-12-01',0),
    (16,16,19,'Bachelor of Science in Economics','Study of economic theories, principles, and analytical methods.',null,'2003-07-01','2007-06-30','2023-11-14','2023-11-25',0),
    (17,17,16,'Bachelor of Science in Management Science',null,3.5,'1995-10-15','1999-10-14','2023-07-30','2023-10-01',0),
    (18,18,44,'Bachelor of Business Administration','Comprehensive study of business principles and practices.',3.4,'1991-10-23','1995-10-22','2023-05-04','2023-08-10',0),
    (19,19,49,'Bachelor of Science in Information Systems','Study of computer systems and their use in business settings.',3,'2009-02-22','2013-02-21','2023-12-14','2023-12-25',0),
    (20,20,48,'Bachelor of Commerce in Business Analytics','Emphasizes using data analysis to make strategic business decisions.',null,'1997-07-29','2001-07-28','2023-10-26','2023-12-04',0),
    (21,21,43,'Bachelor of Arts in Technology Management','Explores the intersection of technology and business management.',3.2,'2008-04-01','2012-03-31','2023-07-24','2023-09-11',0),
    (22,22,14,'Bachelor of Science in Business Informatics','Integration of business processes with information technology solutions.',3.8,'2004-07-03','2008-07-02','2023-07-01','2023-11-10',0),
    (23,23,38,'Bachelor of Business in Data Science','Focuses on the analysis and interpretation of large datasets.',3.5,'1996-06-04','2000-06-03','2023-10-08','2023-10-19',0),
    (24,24,50,'Bachelor of Management and Technology','Combines management principles with technology applications.',3.5,'2007-08-25','2011-08-24','2023-08-30','2023-11-26',1),
    (25,25,43,'Bachelor of Science in Business Technology','Study of technology''s role in modern business operations.',3.7,'1996-02-14','2000-02-13','2023-08-02','2023-10-29',0),
    (26,26,28,'Bachelor of Business Analytics and Operations','Focuses on optimizing business processes through data analysis.',3.4,'2009-01-20','2013-01-19','2023-10-28','2023-12-16',0),
    (27,27,12,'Bachelor of Science in Digital Business','Explores the impact of digital technologies on business models.',4,'2008-06-02','2012-06-01','2023-11-12','2023-12-25',1),
    (28,28,17,'Bachelor of Science in Business Intelligence','Study of techniques for extracting insights from business data.',null,'1991-09-27','1995-09-26','2023-07-05','2023-12-08',0),
    (29,29,30,'Bachelor of Business in Computational Business','Focuses on using computational methods to solve business problems.',3.4,'2002-03-20','2006-03-19','2023-09-23','2023-11-06',0),
    (30,30,42,'Bachelor of Arts in Business and Technology','Study of the integration of business concepts with technology.',null,'2000-02-10','2004-02-09','2023-10-01','2023-12-01',0),
    (31,16,38,'Master of Science in Business Analytics','Advanced study of analytics techniques for business decision-making.',3.8,'2007-06-30','2009-06-29','2023-12-26','2023-12-31',0),
    (32,17,26,'Master of Business Administration','MBA program with focus on aligning business and technology strategies.',3.7,'1999-10-14','2001-10-13','2023-10-10','2023-12-29',0),
    (33,18,2,'Master of Science in Management Information Systems','Study of how information systems can support business objectives.',3.8,'1995-10-22','1997-10-21','2023-06-09','2023-08-07',0),
    (34,19,20,'Executive Master of Business Administration','Advanced MBA program designed for experienced business professionals.',3.6,'2013-02-21','2015-02-21','2023-12-25','2023-12-28',0),
    (35,20,25,'Master of Science in Data Science and Business Analytics',null,3.6,'2001-07-28','2003-07-28','2023-10-26','2023-11-29',0),
    (36,21,25,'Master of Business Administration',null,3.9,'2012-03-31','2014-03-31','2023-12-29','2023-12-30',0),
    (37,22,19,'Master of Business Administration with a specialization in Technology and Innovation','MBA program with focus on technology-driven innovation.',3.8,'2008-07-02','2010-07-02','2023-05-23','2023-11-10',0),
    (38,23,44,'Executive Master of Business Administration','Advanced MBA program designed for experienced business professionals.',3.8,'2000-06-03','2002-06-03','2023-12-04','2023-12-11',0),
    (39,24,16,'Master of Business Administration','MBA program with focus on aligning business and technology strategies.',3.9,'2011-08-24','2013-08-23','2023-12-20','2023-12-30',0),
    (40,25,36,'Master of Business Administration',null,3.9,'2000-02-13','2002-02-12','2023-04-28','2023-12-13',0),
    (41,26,32,'Master of Science in Applied Data Science for Business','Practical application of data science methods in business settings.',3.5,'2013-01-19','2015-01-19','2023-12-27','2023-12-28',0),
    (42,27,49,'Master of Science in Technology Entrepreneurship','Focuses on starting and managing technology-based ventures.',null,'2012-06-01','2014-06-01','2023-11-24','2023-12-30',0),
    (43,28,10,'Master of Business Administration','MBA program with focus on aligning business and technology strategies.',4,'1995-09-26','1997-09-25','2023-04-23','2023-10-02',0),
    (44,29,8,'Master of Science in Operations Research and Business Analytics','Focuses on optimization and decision-making using analytical methods.',3.7,'2006-03-19','2008-03-18','2023-09-30','2023-11-02',0),
    (45,30,5,'Master of Business Administration','MBA program with focus on aligning business and technology strategies.',3.5,'2004-02-09','2006-02-08','2023-11-18','2023-12-09',0),
    (46,31,33,'Bachelor of Science in Economics','Study of economic theories, principles, and analytical methods.',3.4,'1998-09-18','2002-09-17','2023-09-01','2023-12-18',0),
    (47,32,8,'Bachelor of Science in Management Science','Focuses on applying mathematical and analytical methods to management problems.',3.7,'2000-11-06','2004-11-05','2023-11-03','2023-11-24',0),
    (48,33,3,'Bachelor of Business Administration','Comprehensive study of business principles and practices.',3.4,'2007-09-16','2011-09-15','2023-12-27','2023-12-29',0),
    (49,34,42,'Bachelor of Science in Information Systems','Study of computer systems and their use in business settings.',null,'1998-06-22','2002-06-21','2023-10-22','2023-11-27',0),
    (50,35,24,'Bachelor of Commerce in Business Analytics','Emphasizes using data analysis to make strategic business decisions.',4,'2001-10-08','2005-10-07','2023-12-03','2023-12-30',1),
    (51,36,9,'Bachelor of Arts in Technology Management','Explores the intersection of technology and business management.',3.2,'1995-11-02','1999-11-01','2023-12-19','2023-12-25',0),
    (52,37,14,'Bachelor of Science in Business Informatics','Integration of business processes with information technology solutions.',2.9,'2007-11-17','2011-11-16','2023-05-26','2023-10-26',0),
    (53,38,41,'Bachelor of Business in Data Science','Focuses on the analysis and interpretation of large datasets.',3.7,'1997-07-09','2001-07-08','2023-10-01','2023-11-11',0),
    (54,39,33,'Bachelor of Management and Technology','Combines management principles with technology applications.',2.8,'2006-02-07','2010-02-06','2023-11-28','2023-12-15',0),
    (55,40,30,'Bachelor of Science in Business Technology','Study of technology''s role in modern business operations.',3.9,'1994-11-10','1998-11-09','2023-12-08','2023-12-24',0),
    (56,41,10,'Bachelor of Business Analytics and Operations','Focuses on optimizing business processes through data analysis.',3,'2003-05-24','2007-05-23','2023-11-02','2023-11-05',1),
    (57,42,23,'Bachelor of Science in Digital Business','Explores the impact of digital technologies on business models.',2.9,'2007-04-28','2011-04-27','2023-10-25','2023-12-31',0),
    (58,43,40,'Bachelor of Science in Business Intelligence','Study of techniques for extracting insights from business data.',3.6,'2010-03-18','2014-03-17','2023-06-03','2023-11-30',0),
    (59,44,5,'Bachelor of Business in Computational Business','Focuses on using computational methods to solve business problems.',2.9,'1996-01-17','2000-01-16','2023-11-16','2023-12-17',0),
    (60,45,25,'Bachelor of Arts in Business and Technology','Study of the integration of business concepts with technology.',3.3,'2007-06-08','2011-06-07','2023-10-10','2023-10-26',0),
    (61,31,34,'Master of Science in Business Analytics',null,3.5,'2002-09-17','2004-09-16','2023-10-10','2023-11-30',0),
    (62,32,8,'Master of Business Administration with a concentration in Data Science and Analytics','MBA program with focus on data-driven decision-making.',4,'2004-11-05','2006-11-05','2023-11-29','2023-11-30',0),
    (63,33,21,'Master of Science in Management Information Systems','Study of how information systems can support business objectives.',3.4,'2011-09-15','2013-09-14','2023-11-08','2023-12-18',0),
    (64,34,34,'Master of Science in Technology Management','Focuses on managing technology and innovation within organizations.',null,'2002-06-21','2004-06-20','2023-10-07','2023-12-23',0),
    (65,35,9,'Master of Science in Data Science and Business Analytics','Advanced study of data science techniques for business applications.',3.6,'2005-10-07','2007-10-07','2023-09-14','2023-12-12',0),
    (66,36,5,'Master of Science in Information Technology Management','Study of strategic use of IT resources to achieve business goals.',3.9,'1999-11-01','2001-10-31','2023-11-22','2023-12-20',1),
    (67,37,29,'Master of Business Administration with a specialization in Technology and Innovation','MBA program with focus on technology-driven innovation.',3.4,'2011-11-16','2013-11-15','2023-07-01','2023-10-09',0),
    (68,38,2,'Master of Science in Quantitative Business Analysis','Advanced study of quantitative methods for business analysis.',3.6,'2001-07-08','2003-07-08','2023-11-22','2023-12-03',0),
    (69,39,44,'Master of Science in Digital Innovation and Management','Focuses on managing digital transformation initiatives.',3.9,'2010-02-06','2012-02-06','2023-12-15','2023-12-16',0),
    (70,40,6,'Master of Science in Business Intelligence and Analytics','Advanced study of BI techniques for strategic decision-making.',3.9,'1998-11-09','2000-11-08','2023-11-18','2023-11-26',0),
    (71,41,37,'Master of Science in Applied Data Science for Business','Practical application of data science methods in business settings.',4,'2007-05-23','2009-05-22','2023-11-12','2023-12-01',0),
    (72,42,46,'Executive Master of Business Administration','Advanced MBA program designed for experienced business professionals.',3.4,'2011-04-27','2013-04-26','2023-09-20','2023-10-14',0),
    (73,43,38,'Master of Science in Business and Technology Management','Study of strategic management of technology in business contexts.',3.9,'2014-03-17','2016-03-16','2023-10-10','2023-12-21',0),
    (74,44,4,'Master of Science in Operations Research and Business Analytics','Focuses on optimization and decision-making using analytical methods.',3.9,'2000-01-16','2002-01-15','2023-12-06','2023-12-08',0),
    (75,45,3,'Master of Business Administration','MBA program with focus on aligning business and technology strategies.',3.5,'2011-06-07','2013-06-06','2023-11-23','2023-11-23',0),
    (76,31,13,'Doctor of Philosophy in Business Analytics','Research-focused doctoral program in business analytics.',3.8,'2004-09-16','2008-09-15','2023-10-24','2023-12-30',0),
    (77,32,6,'Doctor of Business Administration with a specialization in Data Science and Analytics','Research-oriented DBA program with focus on data science.',3.8,'2006-11-05','2010-11-04','2023-01-22','2023-08-13',0),
    (78,33,28,'Doctor of Philosophy in Management Information Systems',null,null,'2013-09-14','2017-09-13','2023-12-31','2023-12-31',0),
    (79,34,4,'Doctor of Philosophy in Technology Management','Focuses on research in managing technology and innovation.',3.8,'2004-06-20','2008-06-19','2023-09-01','2023-10-27',0),
    (80,35,24,'Doctor of Philosophy in Data Science and Business Analytics','Research-oriented PhD program in data science for business.',4,'2007-10-07','2011-10-06','2023-04-29','2023-11-25',0),
    (81,36,2,'Doctor of Philosophy in Information Technology Management','Research-based doctoral program in IT management.',4,'2001-10-31','2005-10-30','2023-12-11','2023-12-17',0),
    (82,37,14,'Doctor of Business Administration with a focus on Technology and Innovation','Research-oriented DBA program with focus on technology and innovation.',4,'2013-11-15','2017-11-14','2023-04-24','2023-09-10',0),
    (83,38,46,'Doctor of Philosophy in Quantitative Business Analysis','Research-focused doctoral program in quantitative business analysis.',3.8,'2003-07-08','2007-07-07','2023-10-24','2023-10-29',0),
    (84,39,26,'Doctor of Philosophy in Digital Innovation and Management',null,3.7,'2012-02-06','2016-02-05','2023-12-21','2023-12-25',0),
    (85,40,46,'Doctor of Philosophy in Business Intelligence and Analytics','Research-focused doctoral program in BI and analytics.',null,'2000-11-08','2004-11-07','2023-05-06','2023-12-06',0),
    (86,41,20,'Doctor of Philosophy in Applied Data Science for Business','Research-oriented PhD program in applied data science.',3.8,'2009-05-22','2013-05-21','2023-12-25','2023-12-25',0),
    (87,42,15,'Doctor of Philosophy in Technology Entrepreneurship','Research-based doctoral program in technology entrepreneurship.',3.7,'2013-04-26','2017-04-25','2023-08-17','2023-12-22',0),
    (88,43,38,'Doctor of Philosophy in Business and Technology Management','Research-focused doctoral program in business and technology management.',4,'2016-03-16','2020-03-15','2023-12-17','2023-12-22',0),
    (89,44,15,'Doctor of Philosophy in Operations Research and Business Analytics','Research-oriented PhD program in operations research and analytics.',3.8,'2002-01-15','2006-01-14','2023-11-21','2023-12-18',0),
    (90,45,1,'Doctor of Philosophy in Quantitative Business Analysis','Research-focused doctoral program in quantitative business analysis.',null,'2013-06-06','2017-06-05','2023-12-01','2023-12-01',0);

